1,1,1922,4,26,3.48E+28,Japan,6
2,1,1922,12,8,3.67E+28,Japan,6
3,1,1922,12,8,3.67E+28,Japan,6
4,1,1923,6,2,3.46E+28,Japan,7
5,1,1923,7,13,3.40E+28,Japan,7
6,1,1923,9,1,3.49E+28,Japan,7
7,1,1923,9,2,3.49E+28,Japan,7
8,1,1924,1,15,3.64E+28,Japan,7
9,1,1924,4,14,3.50E+28,Philipine,7
10,1,1924,7,1,3.44E+28,Japan,7
11,1,1924,8,15,3.43E+28,Japan,7
12,1,1925,5,23,3.47E+28,Japan,6
13,1,1926,6,29,3.40E+28,Japan,7
14,1,1926,8,7,3.46E+28,Japan,7
15,1,1927,3,7,3.62E+28,Japan,7
16,1,1927,6,1,3.42E+28,America,5
17,1,1928,5,27,3.43E+28,Japan,7
18,1,1928,6,17,3.41E+28,America,7
19,1,1928,12,1,3.66E+28,America,7
20,1,1930,2,13,3.61E+28,Japan,5
21,1,1930,2,14,3.61E+28,Japan,5
22,1,1930,2,15,3.60E+28,Japan,5
23,1,1930,2,16,3.60E+28,Japan,5
24,1,1930,2,17,3.65E+28,Japan,5
25,1,1930,2,18,3.65E+28,Japan,5
26,1,1930,2,19,3.65E+28,Japan,5
27,1,1930,2,20,3.64E+28,Japan,5
28,1,1930,2,21,3.64E+28,Japan,5
29,1,1930,2,22,3.64E+28,Japan,5
30,1,1930,2,23,3.64E+28,Japan,5
31,1,1930,2,24,3.63E+28,Japan,5
32,1,1930,2,25,3.63E+28,Japan,5
33,1,1930,2,26,3.63E+28,Japan,5
34,1,1930,2,27,3.63E+28,Japan,5
35,1,1930,2,28,3.63E+28,Japan,5
36,1,1930,3,1,3.62E+28,Japan,5
37,1,1930,3,2,3.62E+28,Japan,5
38,1,1930,3,3,3.62E+28,Japan,5
39,1,1930,3,4,3.58E+28,Japan,5
40,1,1930,3,5,3.58E+28,Japan,5
41,1,1930,3,6,3.58E+28,Japan,5
42,1,1930,3,7,3.58E+28,Japan,5
43,1,1930,3,8,3.58E+28,Japan,5
44,1,1930,3,9,3.57E+28,Japan,5
45,1,1930,3,10,3.57E+28,Japan,5
46,1,1930,3,11,3.57E+28,Japan,5
47,1,1930,3,12,3.57E+28,Japan,5
48,1,1930,3,13,3.56E+28,Japan,5
49,1,1930,3,14,3.56E+28,Japan,5
50,1,1930,3,15,3.56E+28,Japan,5
51,1,1930,3,16,3.55E+28,Japan,5
52,1,1930,3,17,3.55E+28,Japan,5
53,1,1930,3,18,3.55E+28,Japan,5
54,1,1930,3,19,3.59E+28,Japan,5
55,1,1930,3,20,3.59E+28,Japan,5
56,1,1930,3,21,3.59E+28,Japan,5
57,1,1930,3,22,3.59E+28,Japan,5
58,1,1930,3,23,3.58E+28,Japan,5
59,1,1930,3,24,3.58E+28,Japan,5
60,1,1930,3,25,3.58E+28,Japan,5
61,1,1930,3,26,3.58E+28,Japan,5
62,1,1930,3,27,3.57E+28,Japan,5
63,1,1930,3,28,3.57E+28,Japan,5
64,1,1930,3,29,3.57E+28,Japan,5
65,1,1930,3,30,3.57E+28,Japan,5
66,1,1930,3,31,3.57E+28,Japan,5
67,1,1930,4,1,3.57E+28,Japan,5
68,1,1930,4,2,3.57E+28,Japan,5
69,1,1930,4,3,3.52E+28,Japan,5
70,1,1930,4,4,3.52E+28,Japan,5
71,1,1930,4,5,3.52E+28,Japan,5
72,1,1930,4,6,3.51E+28,Japan,5
73,1,1930,4,7,3.51E+28,Japan,5
74,1,1930,4,8,3.51E+28,Japan,5
75,1,1930,4,9,3.51E+28,Japan,5
76,1,1930,4,10,3.50E+28,Japan,5
77,1,1930,4,11,3.50E+28,Japan,5
78,1,1930,4,12,3.50E+28,Japan,5
79,1,1930,4,13,3.50E+28,Japan,5
80,1,1930,4,14,3.50E+28,Japan,5
81,1,1930,4,15,3.50E+28,Japan,5
82,1,1930,4,16,3.50E+28,Japan,5
83,1,1930,4,17,3.49E+28,Japan,5
84,1,1930,4,18,3.53E+28,Japan,5
85,1,1930,4,19,3.53E+28,Japan,5
86,1,1930,4,20,3.52E+28,Japan,5
87,1,1930,4,21,3.52E+28,Japan,5
88,1,1930,4,22,3.52E+28,Japan,5
89,1,1930,4,23,3.52E+28,Japan,5
90,1,1930,4,24,3.52E+28,Japan,5
91,1,1930,4,25,3.52E+28,Japan,5
92,1,1930,4,26,3.52E+28,Japan,5
93,1,1930,4,27,3.52E+28,Japan,5
94,1,1930,4,28,3.51E+28,Japan,5
95,1,1930,4,29,3.51E+28,Japan,5
96,1,1930,4,30,3.51E+28,Japan,5
97,1,1930,5,1,3.51E+28,Japan,5
98,1,1930,5,2,3.50E+28,Japan,5
99,1,1930,5,3,3.46E+28,Japan,5
100,1,1930,5,4,3.46E+28,Japan,5
101,1,1930,5,5,3.46E+28,Japan,5
102,1,1930,5,6,3.46E+28,Japan,5
103,1,1930,5,7,3.46E+28,Japan,5
104,1,1930,5,8,3.46E+28,Japan,5
105,1,1930,5,9,3.46E+28,Japan,5
106,1,1930,5,10,3.45E+28,Japan,5
107,1,1930,5,11,3.45E+28,Japan,5
108,1,1930,5,12,3.45E+28,Japan,5
109,1,1930,5,13,3.45E+28,Japan,5
110,1,1930,5,14,3.44E+28,Japan,5
111,1,1930,5,15,3.44E+28,Japan,5
112,1,1930,5,16,3.44E+28,Japan,5
113,1,1930,5,17,3.44E+28,Japan,5
114,1,1930,5,18,3.48E+28,Japan,5
115,1,1930,5,19,3.47E+28,Japan,5
116,1,1930,5,20,3.47E+28,Japan,5
117,1,1930,5,21,3.47E+28,Japan,5
118,1,1930,5,22,3.47E+28,Japan,5
119,1,1930,5,23,3.47E+28,Japan,5
120,1,1930,5,24,3.47E+28,Japan,5
121,1,1930,5,25,3.47E+28,Japan,5
122,1,1930,5,26,3.47E+28,Japan,5
123,1,1930,5,27,3.47E+28,Japan,5
124,1,1930,5,28,3.47E+28,Japan,5
125,1,1930,5,29,3.46E+28,Japan,5
126,1,1930,5,30,3.46E+28,Japan,5
127,1,1930,5,31,3.46E+28,Japan,5
128,1,1930,10,17,3.58E+28,Japan,6
129,1,1930,11,26,3.65E+28,Japan,7
130,1,1931,1,15,3.67E+28,America,7
131,1,1931,2,20,3.64E+28,Japan,7
132,1,1931,3,9,3.57E+28,Japan,7
133,1,1931,3,31,3.52E+28,America,6
134,1,1931,9,21,3.53E+28,Japan,6
135,1,1931,11,2,3.58E+28,Japan,7
136,1,1932,9,23,3.50E+28,Japan,7
137,1,1933,3,3,3.63E+28,Japan,7
138,1,1933,6,19,3.41E+28,Japan,7
139,1,1933,9,21,3.49E+28,Japan,6
140,1,1934,2,24,3.59E+28,Japan,7
141,1,1935,7,11,3.40E+28,Japan,6
142,1,1935,10,18,3.54E+28,Japan,7
143,1,1936,2,21,3.64E+28,Japan,6
144,1,1936,11,3,3.58E+28,Japan,7
145,1,1936,12,27,3.64E+28,Japan,6
146,1,1937,2,21,3.64E+28,Japan,7
147,1,1937,7,27,3.41E+28,Japan,7
148,1,1938,5,23,3.43E+28,Japan,7
149,1,1938,5,29,3.42E+28,Japan,6
150,1,1938,6,10,3.46E+28,Japan,7
151,1,1938,11,5,3.62E+28,Japan,7
152,1,1938,11,6,3.62E+28,Japan,7
153,1,1938,11,7,3.62E+28,Japan,7
154,1,1938,11,10,3.63E+28,America,7
155,1,1939,3,20,3.55E+28,Japan,6
156,1,1939,5,1,3.51E+28,Japan,6
157,1,1940,8,2,3.45E+28,Japan,7
158,1,1941,7,15,3.40E+28,Japan,6
159,1,1941,11,19,3.64E+28,Japan,7
160,1,1943,6,13,3.45E+28,Japan,7
161,1,1943,9,10,3.51E+28,Japan,7
162,1,1943,10,13,3.58E+28,Japan,5
163,1,1944,12,7,3.67E+28,Japan,7
164,1,1945,1,13,3.64E+28,Japan,7
165,1,1945,2,10,3.65E+28,Japan,7
166,1,1946,12,21,3.67E+28,Japan,7
167,1,1946,12,21,3.67E+28,Japan,7
168,1,1947,4,14,3.50E+28,Japan,7
169,1,1947,9,27,3.54E+28,Japan,7
170,1,1948,1,25,3.68E+28,Philipine,7
171,1,1948,4,18,3.53E+28,Japan,7
172,1,1948,6,15,3.45E+28,Japan,6
173,1,1948,6,28,3.40E+28,Japan,7
174,1,1949,7,12,3.44E+28,Japan,6
175,1,1949,12,26,3.64E+28,Japan,6
176,1,1949,12,26,3.64E+28,Japan,6
177,1,1950,2,28,3.59E+28,Japan,7
178,1,1951,7,12,3.40E+28,Japan,7
179,1,1952,3,4,3.62E+28,Japan,7
180,1,1952,3,7,3.58E+28,Japan,6
181,1,1952,7,18,3.41E+28,Japan,6
182,1,1953,11,26,3.61E+28,Japan,7
183,1,1955,3,31,3.53E+28,Philipine,7
184,1,1955,5,30,3.42E+28,Japan,7
185,1,1955,5,30,3.42E+28,Japan,7
186,1,1955,7,27,3.41E+28,Japan,6
187,1,1956,9,30,3.54E+28,Japan,6
188,1,1957,3,9,3.61E+28,America,7
189,1,1958,3,11,3.57E+28,Japan,7
190,1,1958,11,7,3.59E+28,Japan,7
191,1,1960,3,21,3.59E+28,Japan,7
192,1,1961,2,2,3.67E+28,Japan,5
193,1,1961,2,27,3.59E+28,Japan,7
194,1,1961,8,12,3.47E+28,Japan,7
195,1,1961,8,19,3.44E+28,Japan,7
196,1,1962,4,23,3.49E+28,Japan,7
197,1,1962,4,30,3.51E+28,Japan,6
198,1,1963,10,13,3.53E+28,Japan,7
199,1,1964,3,28,3.57E+28,America,7
200,1,1964,6,16,3.45E+28,Japan,7
201,1,1965,2,3,3.62E+28,America,7
202,1,1965,4,20,3.52E+28,Japan,6
203,1,1965,8,3,3.41E+28,Japan,5
204,1,1965,8,4,3.41E+28,Japan,5
205,1,1965,8,5,3.42E+28,Japan,5
206,1,1965,8,6,3.42E+28,Japan,5
207,1,1965,8,7,3.42E+28,Japan,5
208,1,1965,8,8,3.42E+28,Japan,5
209,1,1965,8,9,3.42E+28,Japan,5
210,1,1965,8,10,3.46E+28,Japan,5
211,1,1965,8,11,3.46E+28,Japan,5
212,1,1965,8,12,3.47E+28,Japan,5
213,1,1965,8,13,3.47E+28,Japan,5
214,1,1965,8,14,3.47E+28,Japan,5
215,1,1965,8,15,3.47E+28,Japan,5
216,1,1965,8,16,3.47E+28,Japan,5
217,1,1965,8,17,3.47E+28,Japan,5
218,1,1965,8,18,3.47E+28,Japan,5
219,1,1965,8,19,3.47E+28,Japan,5
220,1,1965,8,20,3.47E+28,Japan,5
221,1,1965,8,21,3.47E+28,Japan,5
222,1,1965,8,22,3.48E+28,Japan,5
223,1,1965,8,23,3.48E+28,Japan,5
224,1,1965,8,24,3.48E+28,Japan,5
225,1,1965,8,25,3.44E+28,Japan,5
226,1,1965,8,26,3.44E+28,Japan,5
227,1,1965,8,27,3.45E+28,Japan,5
228,1,1965,8,28,3.45E+28,Japan,5
229,1,1965,8,29,3.45E+28,Japan,5
230,1,1965,8,30,3.45E+28,Japan,5
231,1,1965,8,31,3.45E+28,Japan,5
232,1,1965,9,1,3.45E+28,Japan,5
233,1,1965,9,2,3.45E+28,Japan,5
234,1,1965,9,3,3.46E+28,Japan,5
235,1,1965,9,4,3.46E+28,Japan,5
236,1,1965,9,5,3.46E+28,Japan,5
237,1,1965,9,6,3.46E+28,Japan,5
238,1,1965,9,7,3.46E+28,Japan,5
239,1,1965,9,8,3.47E+28,Japan,5
240,1,1965,9,9,3.51E+28,Japan,5
241,1,1965,9,10,3.51E+28,Japan,5
242,1,1965,9,11,3.51E+28,Japan,5
243,1,1965,9,12,3.51E+28,Japan,5
244,1,1965,9,13,3.52E+28,Japan,5
245,1,1965,9,14,3.52E+28,Japan,5
246,1,1965,9,15,3.52E+28,Japan,5
247,1,1965,9,16,3.52E+28,Japan,5
248,1,1965,9,17,3.52E+28,Japan,5
249,1,1965,9,18,3.52E+28,Japan,5
250,1,1965,9,19,3.52E+28,Japan,5
251,1,1965,9,20,3.53E+28,Japan,5
252,1,1965,9,21,3.53E+28,Japan,5
253,1,1965,9,22,3.53E+28,Japan,5
254,1,1965,9,23,3.53E+28,Japan,5
255,1,1965,9,24,3.50E+28,Japan,5
256,1,1965,9,25,3.50E+28,Japan,5
257,1,1965,9,26,3.50E+28,Japan,5
258,1,1965,9,27,3.50E+28,Japan,5
259,1,1965,9,28,3.50E+28,Japan,5
260,1,1965,9,29,3.50E+28,Japan,5
261,1,1965,9,30,3.50E+28,Japan,5
262,1,1965,10,1,3.51E+28,Japan,5
263,1,1965,10,2,3.51E+28,Japan,5
264,1,1965,10,3,3.51E+28,Japan,5
265,1,1965,10,4,3.52E+28,Japan,5
266,1,1965,10,5,3.52E+28,Japan,5
267,1,1965,10,6,3.52E+28,Japan,5
268,1,1965,10,7,3.52E+28,Japan,5
269,1,1965,10,8,3.53E+28,Japan,5
270,1,1965,10,9,3.56E+28,Japan,5
271,1,1965,10,10,3.56E+28,Japan,5
272,1,1965,10,11,3.57E+28,Japan,5
273,1,1965,10,12,3.57E+28,Japan,5
274,1,1965,10,13,3.57E+28,Japan,5
275,1,1965,10,14,3.57E+28,Japan,5
276,1,1965,10,15,3.58E+28,Japan,5
277,1,1965,10,16,3.58E+28,Japan,5
278,1,1965,10,17,3.58E+28,Japan,5
279,1,1965,10,18,3.59E+28,Japan,5
280,1,1965,10,19,3.59E+28,Japan,5
281,1,1965,10,20,3.59E+28,Japan,5
282,1,1965,10,21,3.59E+28,Japan,5
283,1,1965,10,22,3.60E+28,Japan,5
284,1,1965,10,23,3.60E+28,Japan,5
285,1,1965,10,24,3.55E+28,Japan,5
286,1,1965,10,25,3.56E+28,Japan,5
287,1,1965,10,26,3.56E+28,Japan,5
288,1,1965,10,27,3.56E+28,Japan,5
289,1,1965,10,28,3.56E+28,Japan,5
290,1,1965,10,29,3.57E+28,Japan,5
291,1,1965,10,30,3.57E+28,Japan,5
292,1,1965,10,31,3.57E+28,Japan,5
293,1,1965,11,1,3.57E+28,Japan,5
294,1,1965,11,2,3.58E+28,Japan,5
295,1,1965,11,3,3.58E+28,Japan,5
296,1,1965,11,4,3.58E+28,Japan,5
297,1,1965,11,5,3.58E+28,Japan,5
298,1,1965,11,6,3.59E+28,Japan,5
299,1,1965,11,7,3.59E+28,Japan,5
300,1,1965,11,8,3.62E+28,Japan,5
301,1,1965,11,9,3.62E+28,Japan,5
302,1,1965,11,10,3.63E+28,Japan,5
303,1,1965,11,11,3.63E+28,Japan,5
304,1,1965,11,12,3.63E+28,Japan,5
305,1,1965,11,13,3.63E+28,Japan,5
306,1,1965,11,14,3.64E+28,Japan,5
307,1,1965,11,15,3.64E+28,Japan,5
308,1,1965,11,16,3.64E+28,Japan,5
309,1,1965,11,17,3.64E+28,Japan,5
310,1,1965,11,18,3.64E+28,Japan,5
311,1,1965,11,19,3.65E+28,Japan,5
312,1,1965,11,20,3.65E+28,Japan,5
313,1,1965,11,21,3.65E+28,Japan,5
314,1,1965,11,22,3.65E+28,Japan,5
315,1,1965,11,23,3.61E+28,Japan,5
316,1,1965,11,24,3.61E+28,Japan,5
317,1,1965,11,25,3.61E+28,Japan,5
318,1,1965,11,26,3.61E+28,Japan,5
319,1,1965,11,27,3.61E+28,Japan,5
320,1,1965,11,28,3.61E+28,Japan,5
321,1,1965,11,29,3.62E+28,Japan,5
322,1,1965,11,30,3.62E+28,Japan,5
323,1,1965,12,1,3.62E+28,Japan,5
324,1,1965,12,2,3.62E+28,Japan,5
325,1,1965,12,3,3.62E+28,Japan,5
326,1,1965,12,4,3.62E+28,Japan,5
327,1,1965,12,5,3.63E+28,Japan,5
328,1,1965,12,6,3.63E+28,Japan,5
329,1,1965,12,7,3.63E+28,Japan,5
330,1,1965,12,8,3.67E+28,Japan,5
331,1,1965,12,9,3.67E+28,Japan,5
332,1,1965,12,10,3.67E+28,Japan,5
333,1,1965,12,11,3.67E+28,Japan,5
334,1,1965,12,12,3.67E+28,Japan,5
335,1,1965,12,13,3.68E+28,Japan,5
336,1,1965,12,14,3.68E+28,Japan,5
337,1,1965,12,15,3.68E+28,Japan,5
338,1,1965,12,16,3.68E+28,Japan,5
339,1,1965,12,17,3.68E+28,Japan,5
340,1,1965,12,18,3.68E+28,Japan,5
341,1,1965,12,19,3.68E+28,Japan,5
342,1,1965,12,20,3.68E+28,Japan,5
343,1,1965,12,21,3.68E+28,Japan,5
344,1,1965,12,22,3.68E+28,Japan,5
345,1,1965,12,23,3.64E+28,Japan,5
346,1,1965,12,24,3.64E+28,Japan,5
347,1,1965,12,25,3.64E+28,Japan,5
348,1,1965,12,26,3.64E+28,Japan,5
349,1,1965,12,27,3.64E+28,Japan,5
350,1,1965,12,28,3.65E+28,Japan,5
351,1,1965,12,29,3.65E+28,Japan,5
352,1,1965,12,30,3.65E+28,Japan,5
353,1,1965,12,31,3.65E+28,Japan,5
354,1,1966,1,1,3.65E+28,Japan,5
355,1,1966,1,2,3.65E+28,Japan,5
356,1,1966,1,3,3.64E+28,Japan,5
357,1,1966,1,4,3.64E+28,Japan,5
358,1,1966,1,5,3.64E+28,Japan,5
359,1,1966,1,6,3.64E+28,Japan,5
360,1,1966,1,7,3.68E+28,Japan,5
361,1,1966,1,8,3.68E+28,Japan,5
362,1,1966,1,9,3.68E+28,Japan,5
363,1,1966,1,10,3.68E+28,Japan,5
364,1,1966,1,11,3.69E+28,Japan,5
365,1,1966,1,12,3.69E+28,Japan,5
366,1,1966,1,13,3.69E+28,Japan,5
367,1,1966,1,14,3.68E+28,Japan,5
368,1,1966,1,15,3.68E+28,Japan,5
369,1,1966,1,16,3.68E+28,Japan,5
370,1,1966,1,17,3.68E+28,Japan,5
371,1,1966,1,18,3.68E+28,Japan,5
372,1,1966,1,19,3.68E+28,Japan,5
373,1,1966,1,20,3.68E+28,Japan,5
374,1,1966,1,21,3.67E+28,Japan,5
375,1,1966,1,22,3.64E+28,Japan,5
376,1,1966,1,23,3.64E+28,Japan,5
377,1,1966,1,24,3.64E+28,Japan,5
378,1,1966,1,25,3.64E+28,Japan,5
379,1,1966,1,26,3.63E+28,Japan,5
380,1,1966,1,27,3.63E+28,Japan,5
381,1,1966,1,28,3.63E+28,Japan,5
382,1,1966,1,29,3.63E+28,Japan,5
383,1,1966,1,30,3.63E+28,Japan,5
384,1,1966,1,31,3.63E+28,Japan,5
385,1,1966,2,1,3.63E+28,Japan,5
386,1,1966,2,2,3.63E+28,Japan,5
387,1,1966,2,3,3.62E+28,Japan,5
388,1,1966,2,4,3.62E+28,Japan,5
389,1,1966,2,5,3.62E+28,Japan,5
390,1,1966,2,6,3.66E+28,Japan,5
391,1,1966,2,7,3.66E+28,Japan,5
392,1,1966,2,8,3.66E+28,Japan,5
393,1,1966,2,9,3.66E+28,Japan,5
394,1,1966,2,10,3.66E+28,Japan,5
395,1,1966,2,11,3.66E+28,Japan,5
396,1,1966,2,12,3.66E+28,Japan,5
397,1,1966,2,13,3.66E+28,Japan,5
398,1,1966,2,14,3.65E+28,Japan,5
399,1,1966,2,15,3.65E+28,Japan,5
400,1,1966,2,16,3.65E+28,Japan,5
401,1,1966,2,17,3.65E+28,Japan,5
402,1,1966,2,18,3.65E+28,Japan,5
403,1,1966,2,19,3.64E+28,Japan,5
404,1,1966,2,20,3.64E+28,Japan,5
405,1,1966,2,21,3.60E+28,Japan,5
406,1,1966,2,22,3.60E+28,Japan,5
407,1,1966,2,23,3.60E+28,Japan,5
408,1,1966,2,24,3.59E+28,Japan,5
409,1,1966,2,25,3.59E+28,Japan,5
410,1,1966,2,26,3.59E+28,Japan,5
411,1,1966,2,27,3.59E+28,Japan,5
412,1,1966,2,28,3.59E+28,Japan,5
413,1,1966,3,1,3.59E+28,Japan,5
414,1,1966,3,2,3.59E+28,Japan,5
415,1,1966,3,3,3.58E+28,Japan,5
416,1,1966,3,4,3.58E+28,Japan,5
417,1,1966,3,5,3.58E+28,Japan,5
418,1,1966,3,6,3.58E+28,Japan,5
419,1,1966,3,7,3.58E+28,Japan,5
420,1,1966,3,8,3.62E+28,Japan,5
421,1,1966,3,9,3.61E+28,Japan,5
422,1,1966,3,10,3.61E+28,Japan,5
423,1,1966,3,11,3.61E+28,Japan,5
424,1,1966,3,12,3.61E+28,Japan,5
425,1,1966,3,13,3.60E+28,Japan,7
426,1,1966,3,13,3.60E+28,Japan,5
427,1,1966,3,14,3.60E+28,Japan,5
428,1,1966,3,15,3.60E+28,Japan,5
429,1,1966,3,16,3.60E+28,Japan,5
430,1,1966,3,17,3.59E+28,Japan,5
431,1,1966,3,18,3.59E+28,Japan,5
432,1,1966,3,19,3.59E+28,Japan,5
433,1,1966,3,20,3.59E+28,Japan,5
434,1,1966,3,21,3.59E+28,Japan,5
435,1,1966,3,22,3.59E+28,Japan,5
436,1,1966,3,23,3.54E+28,Japan,5
437,1,1966,3,24,3.54E+28,Japan,5
438,1,1966,3,25,3.54E+28,Japan,5
439,1,1966,3,26,3.54E+28,Japan,5
440,1,1966,3,27,3.54E+28,Japan,5
441,1,1966,3,28,3.54E+28,Japan,5
442,1,1966,3,29,3.53E+28,Japan,5
443,1,1966,3,30,3.53E+28,Japan,5
444,1,1966,3,31,3.53E+28,Japan,5
445,1,1966,4,1,3.53E+28,Japan,5
446,1,1966,4,2,3.53E+28,Japan,5
447,1,1966,4,3,3.52E+28,Japan,5
448,1,1966,4,4,3.52E+28,Japan,5
449,1,1966,4,5,3.52E+28,Japan,5
450,1,1966,4,6,3.51E+28,Japan,5
451,1,1966,4,7,3.55E+28,Japan,5
452,1,1966,4,8,3.55E+28,Japan,5
453,1,1966,4,9,3.55E+28,Japan,5
454,1,1966,4,10,3.55E+28,Japan,5
455,1,1966,4,11,3.55E+28,Japan,5
456,1,1966,4,12,3.55E+28,Japan,5
457,1,1966,4,13,3.54E+28,Japan,5
458,1,1966,4,14,3.54E+28,Japan,5
459,1,1966,4,15,3.54E+28,Japan,5
460,1,1966,4,16,3.54E+28,Japan,5
461,1,1966,4,17,3.53E+28,Japan,5
462,1,1966,4,18,3.53E+28,Japan,5
463,1,1966,4,19,3.53E+28,Japan,5
464,1,1966,4,20,3.52E+28,Japan,5
465,1,1966,4,21,3.52E+28,Japan,5
466,1,1966,4,22,3.49E+28,Japan,5
467,1,1966,4,23,3.49E+28,Japan,5
468,1,1966,4,24,3.48E+28,Japan,5
469,1,1966,4,25,3.48E+28,Japan,5
470,1,1966,4,26,3.48E+28,Japan,5
471,1,1966,4,27,3.48E+28,Japan,5
472,1,1966,4,28,3.47E+28,Japan,5
473,1,1966,4,29,3.47E+28,Japan,5
474,1,1966,4,30,3.47E+28,Japan,5
475,1,1966,5,1,3.47E+28,Japan,5
476,1,1966,5,2,3.46E+28,Japan,5
477,1,1966,5,3,3.46E+28,Japan,5
478,1,1966,5,4,3.46E+28,Japan,5
479,1,1966,5,5,3.46E+28,Japan,5
480,1,1966,5,6,3.46E+28,Japan,5
481,1,1966,5,7,3.50E+28,Japan,5
482,1,1966,5,8,3.50E+28,Japan,5
483,1,1966,5,9,3.50E+28,Japan,5
484,1,1966,5,10,3.49E+28,Japan,5
485,1,1966,5,11,3.49E+28,Japan,5
486,1,1966,5,12,3.49E+28,Japan,5
487,1,1966,5,13,3.49E+28,Japan,5
488,1,1966,5,14,3.48E+28,Japan,5
489,1,1966,5,15,3.48E+28,Japan,5
490,1,1966,5,16,3.48E+28,Japan,5
491,1,1966,5,17,3.48E+28,Japan,5
492,1,1966,5,18,3.48E+28,Japan,5
493,1,1966,5,19,3.47E+28,Japan,5
494,1,1966,5,20,3.47E+28,Japan,5
495,1,1966,5,21,3.47E+28,Japan,5
496,1,1966,5,22,3.44E+28,Japan,5
497,1,1966,5,23,3.44E+28,Japan,5
498,1,1966,5,24,3.43E+28,Japan,5
499,1,1966,5,25,3.43E+28,Japan,5
500,1,1966,5,26,3.43E+28,Japan,5
501,1,1966,5,27,3.43E+28,Japan,5
502,1,1966,5,28,3.43E+28,Japan,5
503,1,1966,5,29,3.42E+28,Japan,5
504,1,1966,5,30,3.42E+28,Japan,5
505,1,1966,5,31,3.42E+28,Japan,5
506,1,1966,6,1,3.42E+28,Japan,5
507,1,1966,6,2,3.42E+28,Japan,5
508,1,1966,6,3,3.42E+28,Japan,5
509,1,1966,6,4,3.42E+28,Japan,5
510,1,1966,6,5,3.42E+28,Japan,5
511,1,1966,6,6,3.46E+28,Japan,5
512,1,1966,6,7,3.46E+28,Japan,5
513,1,1966,6,8,3.46E+28,Japan,5
514,1,1966,6,9,3.45E+28,Japan,5
515,1,1966,6,10,3.45E+28,Japan,5
516,1,1966,6,11,3.45E+28,Japan,5
517,1,1966,6,12,3.45E+28,Japan,5
518,1,1966,6,13,3.45E+28,Japan,5
519,1,1966,6,14,3.45E+28,Japan,5
520,1,1966,6,15,3.45E+28,Japan,5
521,1,1966,6,16,3.45E+28,Japan,5
522,1,1966,6,17,3.45E+28,Japan,5
523,1,1966,6,18,3.45E+28,Japan,5
524,1,1966,6,19,3.45E+28,Japan,5
525,1,1966,6,20,3.45E+28,Japan,5
526,1,1966,6,21,3.41E+28,Japan,5
527,1,1966,6,22,3.41E+28,Japan,5
528,1,1966,6,23,3.41E+28,Japan,5
529,1,1966,6,24,3.41E+28,Japan,5
530,1,1966,6,25,3.40E+28,Japan,5
531,1,1966,6,26,3.40E+28,Japan,5
532,1,1966,6,27,3.40E+28,Japan,5
533,1,1966,6,28,3.40E+28,Japan,5
534,1,1966,6,29,3.40E+28,Japan,5
535,1,1966,6,30,3.40E+28,Japan,5
536,1,1966,7,1,3.40E+28,Japan,5
537,1,1966,7,2,3.40E+28,Japan,5
538,1,1966,7,3,3.40E+28,Japan,5
539,1,1966,7,4,3.40E+28,Japan,5
540,1,1966,7,5,3.40E+28,Japan,5
541,1,1966,7,6,3.44E+28,Japan,5
542,1,1966,7,7,3.44E+28,Japan,5
543,1,1966,7,8,3.44E+28,Japan,5
544,1,1966,7,9,3.44E+28,Japan,5
545,1,1966,7,10,3.44E+28,Japan,5
546,1,1966,7,11,3.44E+28,Japan,5
547,1,1966,7,12,3.44E+28,Japan,5
548,1,1966,7,13,3.44E+28,Japan,5
549,1,1966,7,14,3.44E+28,Japan,5
550,1,1966,7,15,3.45E+28,Japan,5
551,1,1966,7,16,3.45E+28,Japan,5
552,1,1966,7,17,3.45E+28,Japan,5
553,1,1966,7,18,3.45E+28,Japan,5
554,1,1966,7,19,3.45E+28,Japan,5
555,1,1966,7,20,3.45E+28,Japan,5
556,1,1966,7,21,3.41E+28,Japan,5
557,1,1966,7,22,3.41E+28,Japan,5
558,1,1966,7,23,3.41E+28,Japan,5
559,1,1966,7,24,3.41E+28,Japan,5
560,1,1966,7,25,3.41E+28,Japan,5
561,1,1966,7,26,3.41E+28,Japan,5
562,1,1966,7,27,3.41E+28,Japan,5
563,1,1966,7,28,3.41E+28,Japan,5
564,1,1966,7,29,3.41E+28,Japan,5
565,1,1966,7,30,3.42E+28,Japan,5
566,1,1966,8,1,3.42E+28,Japan,5
567,1,1966,8,2,3.42E+28,Japan,5
568,1,1966,8,3,3.42E+28,Japan,5
569,1,1966,8,4,3.42E+28,Japan,5
570,1,1966,8,5,3.42E+28,Japan,5
571,1,1966,8,6,3.45E+28,Japan,5
572,1,1966,8,7,3.46E+28,Japan,5
573,1,1966,8,8,3.46E+28,Japan,5
574,1,1966,8,9,3.46E+28,Japan,5
575,1,1966,8,10,3.46E+28,Japan,5
576,1,1966,8,11,3.46E+28,Japan,5
577,1,1966,8,12,3.46E+28,Japan,5
578,1,1966,8,13,3.47E+28,Japan,5
579,1,1966,8,14,3.47E+28,Japan,5
580,1,1966,8,15,3.47E+28,America,7
581,1,1966,8,15,3.47E+28,Japan,5
582,1,1966,8,16,3.47E+28,Japan,5
583,1,1966,8,17,3.47E+28,Japan,5
584,1,1966,8,18,3.47E+28,Japan,5
585,1,1966,8,19,3.48E+28,Japan,5
586,1,1966,8,20,3.48E+28,Japan,5
587,1,1966,8,21,3.43E+28,Japan,5
588,1,1966,8,22,3.43E+28,Japan,5
589,1,1966,8,23,3.43E+28,Japan,5
590,1,1966,8,24,3.44E+28,Japan,5
591,1,1966,8,25,3.44E+28,Japan,5
592,1,1966,8,26,3.44E+28,Japan,5
593,1,1966,8,27,3.44E+28,Japan,5
594,1,1966,8,28,3.44E+28,Japan,5
595,1,1966,8,29,3.45E+28,Japan,5
596,1,1966,8,30,3.45E+28,Japan,5
597,1,1966,8,31,3.45E+28,Japan,5
598,1,1966,9,1,3.45E+28,Japan,5
599,1,1966,9,2,3.46E+28,Japan,5
600,1,1966,9,3,3.46E+28,Japan,5
601,1,1966,9,4,3.46E+28,Japan,5
602,1,1966,9,5,3.49E+28,Japan,5
603,1,1966,9,6,3.50E+28,Japan,5
604,1,1966,9,7,3.50E+28,Japan,5
605,1,1966,9,8,3.50E+28,Japan,5
606,1,1966,9,9,3.50E+28,Japan,5
607,1,1966,9,10,3.51E+28,Japan,5
608,1,1966,9,11,3.51E+28,Japan,5
609,1,1966,9,12,3.51E+28,Japan,5
610,1,1966,9,13,3.51E+28,Japan,5
611,1,1966,9,14,3.52E+28,Japan,5
612,1,1966,9,15,3.52E+28,Japan,5
613,1,1966,9,16,3.52E+28,Japan,5
614,1,1966,9,17,3.52E+28,Japan,5
615,1,1966,9,18,3.53E+28,Japan,5
616,1,1966,9,19,3.53E+28,Japan,5
617,1,1966,9,20,3.48E+28,Japan,5
618,1,1966,9,21,3.49E+28,Japan,5
619,1,1966,9,22,3.49E+28,Japan,5
620,1,1966,9,23,3.49E+28,Japan,5
621,1,1966,9,24,3.49E+28,Japan,5
622,1,1966,9,25,3.50E+28,Japan,5
623,1,1966,9,26,3.50E+28,Japan,5
624,1,1966,9,27,3.50E+28,Japan,5
625,1,1966,9,28,3.51E+28,Japan,5
626,1,1966,9,29,3.51E+28,Japan,5
627,1,1966,9,30,3.51E+28,Japan,5
628,1,1966,10,1,3.51E+28,Japan,5
629,1,1966,10,2,3.51E+28,Japan,5
630,1,1966,10,3,3.51E+28,Japan,5
631,1,1966,10,4,3.51E+28,Japan,5
632,1,1966,10,5,3.56E+28,Japan,5
633,1,1966,10,6,3.56E+28,Japan,5
634,1,1966,10,7,3.56E+28,Japan,5
635,1,1966,10,8,3.56E+28,Japan,5
636,1,1966,10,9,3.57E+28,Japan,5
637,1,1966,10,10,3.57E+28,Japan,5
638,1,1966,10,11,3.57E+28,Japan,5
639,1,1966,10,12,3.57E+28,Japan,5
640,1,1966,10,13,3.57E+28,Japan,5
641,1,1966,10,14,3.57E+28,Japan,5
642,1,1966,10,15,3.58E+28,Japan,5
643,1,1966,10,16,3.58E+28,Japan,5
644,1,1966,10,17,3.58E+28,Japan,5
645,1,1966,10,18,3.58E+28,Japan,5
646,1,1966,10,19,3.59E+28,Japan,5
647,1,1966,10,20,3.55E+28,Japan,5
648,1,1966,10,21,3.55E+28,Japan,5
649,1,1966,10,22,3.55E+28,Japan,5
650,1,1966,10,23,3.55E+28,Japan,5
651,1,1966,10,24,3.56E+28,Japan,5
652,1,1966,10,25,3.56E+28,Japan,5
653,1,1966,10,26,3.56E+28,Japan,5
654,1,1966,10,27,3.56E+28,Japan,5
655,1,1966,10,28,3.56E+28,Japan,5
656,1,1966,10,29,3.56E+28,Japan,5
657,1,1966,10,30,3.57E+28,Japan,5
658,1,1966,10,31,3.57E+28,Japan,5
659,1,1966,11,1,3.57E+28,Japan,5
660,1,1966,11,2,3.57E+28,Japan,5
661,1,1966,11,3,3.58E+28,Japan,5
662,1,1966,11,4,3.62E+28,Japan,5
663,1,1966,11,5,3.62E+28,Japan,5
664,1,1966,11,6,3.62E+28,Japan,5
665,1,1966,11,7,3.62E+28,Japan,5
666,1,1966,11,8,3.62E+28,Japan,5
667,1,1966,11,9,3.62E+28,Japan,5
668,1,1966,11,10,3.62E+28,Japan,5
669,1,1966,11,11,3.63E+28,Japan,5
670,1,1966,11,12,3.63E+28,Japan,5
671,1,1966,11,13,3.63E+28,Japan,5
672,1,1966,11,14,3.63E+28,Japan,5
673,1,1966,11,15,3.64E+28,Japan,5
674,1,1966,11,16,3.64E+28,Japan,5
675,1,1966,11,17,3.64E+28,Japan,5
676,1,1966,11,18,3.64E+28,Japan,5
677,1,1966,11,19,3.60E+28,Japan,5
678,1,1966,11,20,3.61E+28,Japan,5
679,1,1966,11,21,3.61E+28,Japan,5
680,1,1966,11,22,3.61E+28,Japan,5
681,1,1966,11,23,3.61E+28,Japan,5
682,1,1966,11,24,3.61E+28,Japan,5
683,1,1966,11,25,3.62E+28,Japan,5
684,1,1966,11,26,3.62E+28,Japan,5
685,1,1966,11,27,3.62E+28,Japan,5
686,1,1966,11,28,3.62E+28,Japan,5
687,1,1966,11,29,3.62E+28,Japan,5
688,1,1966,11,30,3.62E+28,Japan,5
689,1,1966,12,1,3.62E+28,Japan,5
690,1,1966,12,2,3.62E+28,Japan,5
691,1,1966,12,3,3.62E+28,Japan,5
692,1,1966,12,4,3.66E+28,Japan,5
693,1,1966,12,5,3.67E+28,Japan,5
694,1,1966,12,6,3.67E+28,Japan,5
695,1,1966,12,7,3.67E+28,Japan,5
696,1,1966,12,8,3.67E+28,Japan,5
697,1,1966,12,9,3.67E+28,Japan,5
698,1,1966,12,10,3.67E+28,Japan,5
699,1,1966,12,11,3.67E+28,Japan,5
700,1,1966,12,12,3.67E+28,Japan,5
701,1,1966,12,13,3.68E+28,Japan,5
702,1,1966,12,14,3.68E+28,Japan,5
703,1,1966,12,15,3.68E+28,Japan,5
704,1,1966,12,16,3.68E+28,Japan,5
705,1,1966,12,17,3.68E+28,Japan,5
706,1,1966,12,18,3.68E+28,Japan,5
707,1,1966,12,19,3.64E+28,Japan,5
708,1,1966,12,20,3.64E+28,Japan,5
709,1,1966,12,21,3.64E+28,Japan,5
710,1,1966,12,22,3.64E+28,Japan,5
711,1,1966,12,23,3.64E+28,Japan,5
712,1,1966,12,24,3.64E+28,Japan,5
713,1,1966,12,25,3.64E+28,Japan,5
714,1,1966,12,26,3.65E+28,Japan,5
715,1,1966,12,27,3.64E+28,Japan,5
716,1,1966,12,28,3.64E+28,Japan,5
717,1,1966,12,29,3.64E+28,Japan,5
718,1,1966,12,30,3.64E+28,Japan,5
719,1,1966,12,31,3.64E+28,Japan,5
720,1,1967,1,1,3.64E+28,Japan,5
721,1,1967,1,2,3.64E+28,Japan,5
722,1,1967,1,3,3.68E+28,Japan,5
723,1,1967,1,4,3.68E+28,Japan,5
724,1,1967,1,5,3.68E+28,Japan,5
725,1,1967,1,6,3.68E+28,Japan,5
726,1,1967,1,7,3.68E+28,Japan,5
727,1,1967,1,8,3.68E+28,Japan,5
728,1,1967,1,9,3.68E+28,Japan,5
729,1,1967,1,10,3.68E+28,Japan,5
730,1,1967,1,11,3.68E+28,Japan,5
731,1,1967,1,12,3.68E+28,Japan,5
732,1,1967,1,13,3.68E+28,Japan,5
733,1,1967,1,14,3.68E+28,Japan,5
734,1,1967,1,15,3.68E+28,Japan,5
735,1,1967,1,16,3.67E+28,Japan,5
736,1,1967,1,17,3.67E+28,Japan,5
737,1,1967,1,18,3.64E+28,Japan,5
738,1,1967,1,19,3.64E+28,Japan,5
739,1,1967,1,20,3.64E+28,Japan,5
740,1,1967,1,21,3.64E+28,Japan,5
741,1,1967,1,22,3.64E+28,Japan,5
742,1,1967,1,23,3.64E+28,Japan,5
743,1,1967,1,24,3.64E+28,Japan,5
744,1,1967,1,25,3.64E+28,Japan,5
745,1,1967,1,26,3.64E+28,Japan,5
746,1,1967,1,27,3.64E+28,Japan,5
747,1,1967,1,28,3.63E+28,Japan,5
748,1,1967,1,29,3.63E+28,Japan,5
749,1,1967,1,30,3.63E+28,Japan,5
750,1,1967,1,31,3.63E+28,Japan,5
751,1,1967,2,1,3.63E+28,Japan,5
752,1,1967,2,2,3.67E+28,Japan,5
753,1,1967,2,3,3.67E+28,Japan,5
754,1,1967,2,4,3.67E+28,Japan,5
755,1,1967,2,5,3.66E+28,Japan,5
756,1,1967,2,6,3.66E+28,Japan,5
757,1,1967,2,7,3.66E+28,Japan,5
758,1,1967,2,8,3.66E+28,Japan,5
759,1,1967,2,9,3.66E+28,Japan,5
760,1,1967,2,10,3.66E+28,Japan,5
761,1,1967,2,11,3.65E+28,Japan,5
762,1,1967,2,12,3.65E+28,Japan,5
763,1,1967,2,13,3.65E+28,Japan,5
764,1,1967,2,14,3.65E+28,Japan,5
765,1,1967,2,15,3.65E+28,Japan,5
766,1,1967,2,16,3.64E+28,Japan,5
767,1,1967,2,17,3.61E+28,Japan,5
768,1,1967,2,18,3.61E+28,Japan,5
769,1,1967,2,19,3.61E+28,Japan,5
770,1,1967,2,20,3.61E+28,Japan,5
771,1,1967,2,21,3.60E+28,Japan,5
772,1,1967,2,22,3.60E+28,Japan,5
773,1,1967,2,23,3.60E+28,Japan,5
774,1,1967,2,24,3.60E+28,Japan,5
775,1,1967,2,25,3.60E+28,Japan,5
776,1,1967,2,26,3.59E+28,Japan,5
777,1,1967,2,27,3.59E+28,Japan,5
778,1,1967,2,28,3.59E+28,Japan,5
779,1,1967,3,1,3.59E+28,Japan,5
780,1,1967,3,2,3.58E+28,Japan,5
781,1,1967,3,3,3.63E+28,Japan,5
782,1,1967,3,4,3.63E+28,Japan,5
783,1,1967,3,5,3.63E+28,Japan,5
784,1,1967,3,6,3.62E+28,Japan,5
785,1,1967,3,7,3.62E+28,Japan,5
786,1,1967,3,8,3.62E+28,Japan,5
787,1,1967,3,9,3.62E+28,Japan,5
788,1,1967,3,10,3.61E+28,Japan,5
789,1,1967,3,11,3.61E+28,Japan,5
790,1,1967,3,12,3.61E+28,Japan,5
791,1,1967,3,13,3.61E+28,Japan,5
792,1,1967,3,14,3.60E+28,Japan,5
793,1,1967,3,15,3.60E+28,Japan,5
794,1,1967,3,16,3.60E+28,Japan,5
795,1,1967,3,17,3.59E+28,Japan,5
796,1,1967,3,18,3.56E+28,Japan,5
797,1,1967,3,19,3.56E+28,Japan,5
798,1,1967,3,20,3.56E+28,Japan,5
799,1,1967,3,21,3.55E+28,Japan,5
800,1,1967,3,22,3.55E+28,Japan,5
801,1,1967,3,23,3.55E+28,Japan,5
802,1,1967,3,24,3.55E+28,Japan,5
803,1,1967,3,25,3.54E+28,Japan,5
804,1,1967,3,26,3.54E+28,Japan,5
805,1,1967,3,27,3.54E+28,Japan,5
806,1,1967,3,28,3.53E+28,Japan,5
807,1,1967,3,29,3.53E+28,Japan,5
808,1,1967,3,30,3.53E+28,Japan,5
809,1,1967,3,31,3.53E+28,Japan,5
810,1,1967,4,1,3.52E+28,Japan,5
811,1,1967,4,2,3.57E+28,Japan,5
812,1,1967,4,3,3.57E+28,Japan,5
813,1,1967,4,4,3.56E+28,Japan,5
814,1,1967,4,5,3.56E+28,Japan,5
815,1,1967,4,6,3.56E+28,Japan,5
816,1,1967,4,7,3.56E+28,Japan,5
817,1,1967,4,8,3.55E+28,Japan,5
818,1,1967,4,9,3.55E+28,Japan,5
819,1,1967,4,10,3.55E+28,Japan,5
820,1,1967,4,11,3.54E+28,Japan,5
821,1,1967,4,12,3.54E+28,Japan,5
822,1,1967,4,13,3.54E+28,Japan,5
823,1,1967,4,14,3.54E+28,Japan,5
824,1,1967,4,15,3.54E+28,Japan,5
825,1,1967,4,16,3.54E+28,Japan,5
826,1,1967,4,17,3.50E+28,Japan,5
827,1,1967,4,18,3.49E+28,Japan,5
828,1,1967,4,19,3.49E+28,Japan,5
829,1,1967,4,20,3.49E+28,Japan,5
830,1,1967,4,21,3.49E+28,Japan,5
831,1,1967,4,22,3.48E+28,Japan,5
832,1,1967,4,23,3.48E+28,Japan,5
833,1,1967,4,24,3.48E+28,Japan,5
834,1,1967,4,25,3.48E+28,Japan,5
835,1,1967,4,26,3.48E+28,Japan,5
836,1,1967,4,27,3.48E+28,Japan,5
837,1,1967,4,28,3.47E+28,Japan,5
838,1,1967,4,29,3.47E+28,Japan,5
839,1,1967,4,30,3.47E+28,Japan,5
840,1,1967,5,1,3.47E+28,Japan,5
841,1,1967,5,2,3.51E+28,Japan,5
842,1,1967,5,3,3.50E+28,Japan,5
843,1,1967,5,4,3.50E+28,Japan,5
844,1,1967,5,5,3.50E+28,Japan,5
845,1,1967,5,6,3.50E+28,Japan,5
846,1,1967,5,7,3.50E+28,Japan,5
847,1,1967,5,8,3.50E+28,Japan,5
848,1,1967,5,9,3.49E+28,Japan,5
849,1,1967,5,10,3.49E+28,Japan,5
850,1,1967,5,11,3.49E+28,Japan,5
851,1,1967,5,12,3.49E+28,Japan,5
852,1,1967,5,13,3.49E+28,Japan,5
853,1,1967,5,14,3.49E+28,Japan,5
854,1,1967,5,15,3.48E+28,Japan,5
855,1,1967,5,16,3.48E+28,Japan,5
856,1,1967,5,17,3.44E+28,Japan,5
857,1,1967,5,18,3.44E+28,Japan,5
858,1,1967,5,19,3.44E+28,Japan,5
859,1,1967,5,20,3.44E+28,Japan,5
860,1,1967,5,21,3.44E+28,Japan,5
861,1,1967,5,22,3.44E+28,Japan,5
862,1,1967,5,23,3.44E+28,Japan,5
863,1,1967,5,24,3.43E+28,Japan,5
864,1,1967,5,25,3.43E+28,Japan,5
865,1,1967,5,26,3.43E+28,Japan,5
866,1,1967,5,27,3.43E+28,Japan,5
867,1,1967,5,28,3.43E+28,Japan,5
868,1,1967,5,29,3.43E+28,Japan,5
869,1,1967,5,30,3.43E+28,Japan,5
870,1,1967,5,31,3.42E+28,Japan,5
871,1,1967,6,1,3.46E+28,Japan,5
872,1,1967,6,2,3.46E+28,Japan,5
873,1,1967,6,3,3.46E+28,Japan,5
874,1,1967,6,4,3.46E+28,Japan,5
875,1,1967,6,5,3.46E+28,Japan,5
876,1,1967,6,6,3.45E+28,Japan,5
877,1,1967,6,7,3.45E+28,Japan,5
878,1,1967,6,8,3.45E+28,Japan,5
879,1,1967,6,9,3.45E+28,Japan,5
880,1,1967,6,10,3.45E+28,Japan,5
881,1,1967,6,11,3.45E+28,Japan,5
882,1,1967,6,12,3.45E+28,Japan,5
883,1,1967,6,13,3.45E+28,Japan,5
884,1,1967,6,14,3.45E+28,Japan,5
885,1,1967,6,15,3.45E+28,Japan,5
886,1,1967,6,16,3.41E+28,Japan,5
887,1,1967,6,17,3.41E+28,Japan,5
888,1,1967,6,18,3.41E+28,Japan,5
889,1,1967,6,19,3.41E+28,Japan,5
890,1,1967,6,20,3.41E+28,Japan,5
891,1,1967,6,21,3.41E+28,Japan,5
892,1,1967,6,22,3.41E+28,Japan,5
893,1,1967,6,23,3.41E+28,Japan,5
894,1,1967,6,24,3.41E+28,Japan,5
895,1,1967,6,25,3.41E+28,Japan,5
896,1,1967,6,26,3.41E+28,Japan,5
897,1,1967,6,27,3.40E+28,Japan,5
898,1,1967,6,28,3.40E+28,Japan,5
899,1,1967,6,29,3.40E+28,Japan,5
900,1,1967,6,30,3.40E+28,Japan,5
901,1,1967,7,1,3.44E+28,Japan,5
902,1,1967,7,2,3.44E+28,Japan,5
903,1,1967,7,3,3.44E+28,Japan,5
904,1,1967,7,4,3.44E+28,Japan,5
905,1,1967,7,5,3.44E+28,Japan,5
906,1,1967,7,6,3.44E+28,Japan,5
907,1,1967,7,7,3.44E+28,Japan,5
908,1,1967,7,8,3.44E+28,Japan,5
909,1,1967,7,9,3.44E+28,Japan,5
910,1,1967,7,10,3.44E+28,Japan,5
911,1,1967,7,11,3.44E+28,Japan,5
912,1,1967,7,12,3.44E+28,Japan,5
913,1,1967,7,13,3.44E+28,Japan,5
914,1,1967,7,14,3.44E+28,Japan,5
915,1,1967,7,15,3.44E+28,Japan,5
916,1,1967,7,16,3.40E+28,Japan,5
917,1,1967,7,17,3.40E+28,Japan,5
918,1,1967,7,18,3.41E+28,Japan,5
919,1,1967,7,19,3.41E+28,Japan,5
920,1,1967,7,20,3.41E+28,Japan,5
921,1,1967,7,21,3.41E+28,Japan,5
922,1,1967,7,22,3.41E+28,Japan,5
923,1,1967,7,23,3.41E+28,Japan,5
924,1,1967,7,24,3.41E+28,Japan,5
925,1,1967,7,25,3.41E+28,Japan,5
926,1,1967,7,26,3.41E+28,Japan,5
927,1,1967,7,27,3.41E+28,Japan,5
928,1,1967,7,28,3.41E+28,Japan,5
929,1,1967,7,29,3.41E+28,Japan,5
930,1,1967,7,30,3.42E+28,Japan,5
931,1,1967,7,31,3.45E+28,Japan,5
932,1,1967,8,1,3.45E+28,Japan,5
933,1,1967,8,2,3.45E+28,Japan,5
934,1,1967,8,3,3.45E+28,Japan,5
935,1,1967,8,4,3.45E+28,Japan,5
936,1,1967,8,5,3.45E+28,Japan,5
937,1,1967,8,6,3.45E+28,Japan,5
938,1,1967,8,7,3.46E+28,Japan,5
939,1,1967,8,8,3.46E+28,Japan,5
940,1,1967,8,9,3.46E+28,Japan,5
941,1,1967,8,10,3.46E+28,Japan,5
942,1,1967,8,11,3.46E+28,Japan,5
943,1,1967,8,12,3.46E+28,Japan,5
944,1,1967,8,13,3.46E+28,Japan,5
945,1,1967,8,14,3.47E+28,Japan,5
946,1,1967,8,15,3.43E+28,Japan,5
947,1,1967,8,16,3.43E+28,Japan,5
948,1,1967,8,17,3.43E+28,Japan,5
949,1,1967,8,18,3.43E+28,Japan,5
950,1,1967,8,19,3.44E+28,Japan,5
951,1,1967,8,20,3.44E+28,Japan,5
952,1,1967,8,21,3.44E+28,Japan,5
953,1,1967,8,22,3.44E+28,Japan,5
954,1,1967,8,23,3.44E+28,Japan,5
955,1,1967,8,24,3.44E+28,Japan,5
956,1,1967,8,25,3.44E+28,Japan,5
957,1,1967,8,26,3.44E+28,Japan,5
958,1,1967,8,27,3.44E+28,Japan,5
959,1,1967,8,28,3.44E+28,Japan,5
960,1,1967,8,29,3.45E+28,Japan,5
961,1,1967,8,30,3.49E+28,Japan,5
962,1,1967,8,31,3.49E+28,Japan,5
963,1,1967,9,1,3.49E+28,Japan,5
964,1,1967,9,2,3.49E+28,Japan,5
965,1,1967,9,3,3.50E+28,Japan,5
966,1,1967,9,4,3.50E+28,Japan,5
967,1,1967,9,5,3.50E+28,Japan,5
968,1,1967,9,6,3.50E+28,Japan,5
969,1,1967,9,7,3.50E+28,Japan,5
970,1,1967,9,8,3.50E+28,Japan,5
971,1,1967,9,9,3.51E+28,Japan,5
972,1,1967,9,10,3.51E+28,Japan,5
973,1,1967,9,11,3.51E+28,Japan,5
974,1,1967,9,12,3.51E+28,Japan,5
975,1,1967,9,13,3.51E+28,Japan,5
976,1,1967,9,14,3.48E+28,Japan,5
977,1,1967,9,15,3.48E+28,Japan,5
978,1,1967,9,16,3.48E+28,Japan,5
979,1,1967,9,17,3.48E+28,Japan,5
980,1,1967,9,18,3.48E+28,Japan,5
981,1,1967,9,19,3.48E+28,Japan,5
982,1,1967,9,20,3.49E+28,Japan,5
983,1,1967,9,21,3.49E+28,Japan,5
984,1,1967,9,22,3.49E+28,Japan,5
985,1,1967,9,23,3.49E+28,Japan,5
986,1,1967,9,24,3.49E+28,Japan,5
987,1,1967,9,25,3.50E+28,Japan,5
988,1,1967,9,26,3.50E+28,Japan,5
989,1,1967,9,27,3.50E+28,Japan,5
990,1,1967,9,28,3.50E+28,Japan,5
991,1,1967,9,29,3.54E+28,Japan,5
992,1,1967,9,30,3.54E+28,Japan,5
993,1,1967,10,1,3.54E+28,Japan,5
994,1,1967,10,2,3.55E+28,Japan,5
995,1,1967,10,3,3.55E+28,Japan,5
996,1,1967,10,4,3.55E+28,Japan,5
997,1,1967,10,5,3.55E+28,Japan,5
998,1,1967,10,6,3.56E+28,Japan,5
999,1,1967,10,7,3.56E+28,Japan,5
1000,1,1967,10,8,3.56E+28,Japan,5
1001,1,1967,10,9,3.57E+28,Japan,5
1002,1,1967,10,10,3.57E+28,Japan,5
1003,1,1967,10,11,3.57E+28,Japan,5
1004,1,1967,10,12,3.57E+28,Japan,5
1005,1,1967,10,13,3.58E+28,Japan,5
1006,1,1967,10,14,3.53E+28,Japan,5
1007,1,1967,10,15,3.53E+28,Japan,5
1008,1,1967,10,16,3.54E+28,Japan,5
1009,1,1967,10,17,3.54E+28,Japan,5
1010,1,1967,10,18,3.54E+28,Japan,5
1011,1,1967,10,19,3.54E+28,Japan,5
1012,1,1967,10,20,3.55E+28,Japan,5
1013,1,1967,10,21,3.55E+28,Japan,5
1014,1,1967,10,22,3.55E+28,Japan,5
1015,1,1967,10,23,3.56E+28,Japan,5
1016,1,1967,10,24,3.56E+28,Japan,5
1017,1,1967,10,25,3.56E+28,Japan,5
1018,1,1967,10,26,3.56E+28,Japan,5
1019,1,1967,10,27,3.56E+28,Japan,5
1020,1,1967,10,28,3.56E+28,Japan,5
1021,1,1967,10,29,3.60E+28,Japan,5
1022,1,1967,10,30,3.61E+28,Japan,5
1023,1,1967,10,31,3.61E+28,Japan,5
1024,1,1967,11,1,3.61E+28,Japan,5
1025,1,1967,11,2,3.61E+28,Japan,5
1026,1,1967,11,3,3.62E+28,Japan,5
1027,1,1967,11,4,3.62E+28,Japan,5
1028,1,1967,11,5,3.62E+28,Japan,5
1029,1,1967,11,6,3.62E+28,Japan,5
1030,1,1967,11,7,3.63E+28,Japan,5
1031,1,1967,11,8,3.63E+28,Japan,5
1032,1,1967,11,9,3.63E+28,Japan,5
1033,1,1967,11,10,3.63E+28,Japan,5
1034,1,1967,11,11,3.63E+28,Japan,5
1035,1,1967,11,12,3.63E+28,Japan,5
1036,1,1967,11,13,3.59E+28,Japan,5
1037,1,1967,11,14,3.59E+28,Japan,5
1038,1,1967,11,15,3.59E+28,Japan,5
1039,1,1967,11,16,3.60E+28,Japan,5
1040,1,1967,11,17,3.60E+28,Japan,5
1041,1,1967,11,18,3.60E+28,Japan,5
1042,1,1967,11,19,3.60E+28,Japan,5
1043,1,1967,11,20,3.61E+28,Japan,5
1044,1,1967,11,21,3.61E+28,Japan,5
1045,1,1967,11,22,3.61E+28,Japan,5
1046,1,1967,11,23,3.61E+28,Japan,5
1047,1,1967,11,24,3.61E+28,Japan,5
1048,1,1967,11,25,3.61E+28,Japan,5
1049,1,1967,11,26,3.61E+28,Japan,5
1050,1,1967,11,27,3.61E+28,Japan,5
1051,1,1967,11,28,3.65E+28,Japan,5
1052,1,1967,11,29,3.65E+28,Japan,5
1053,1,1967,11,30,3.66E+28,Japan,5
1054,1,1967,12,1,3.66E+28,Japan,5
1055,1,1967,12,2,3.66E+28,Japan,5
1056,1,1967,12,3,3.66E+28,Japan,5
1057,1,1967,12,4,3.66E+28,Japan,5
1058,1,1967,12,5,3.66E+28,Japan,5
1059,1,1967,12,6,3.66E+28,Japan,5
1060,1,1967,12,7,3.67E+28,Japan,5
1061,1,1967,12,8,3.67E+28,Japan,5
1062,1,1967,12,9,3.67E+28,Japan,5
1063,1,1967,12,10,3.67E+28,Japan,5
1064,1,1967,12,11,3.67E+28,Japan,5
1065,1,1967,12,12,3.67E+28,Japan,5
1066,1,1967,12,13,3.63E+28,Japan,5
1067,1,1967,12,14,3.63E+28,Japan,5
1068,1,1967,12,15,3.64E+28,Japan,5
1069,1,1967,12,16,3.64E+28,Japan,5
1070,1,1967,12,17,3.64E+28,Japan,5
1071,1,1967,12,18,3.64E+28,Japan,5
1072,1,1967,12,19,3.64E+28,Japan,5
1073,1,1967,12,20,3.64E+28,Japan,5
1074,1,1967,12,21,3.64E+28,Japan,5
1075,1,1967,12,22,3.64E+28,Japan,5
1076,1,1967,12,23,3.64E+28,Japan,5
1077,1,1967,12,24,3.64E+28,Japan,5
1078,1,1967,12,25,3.64E+28,Japan,5
1079,1,1967,12,26,3.64E+28,Japan,5
1080,1,1967,12,27,3.64E+28,Japan,5
1081,1,1967,12,28,3.68E+28,Japan,5
1082,1,1967,12,29,3.68E+28,Japan,5
1083,1,1967,12,30,3.68E+28,Japan,5
1084,1,1967,12,31,3.68E+28,Japan,5
1085,1,1968,1,1,3.68E+28,Japan,5
1086,1,1968,1,2,3.68E+28,Japan,5
1087,1,1968,1,3,3.68E+28,Japan,5
1088,1,1968,1,4,3.68E+28,Japan,5
1089,1,1968,1,5,3.68E+28,Japan,5
1090,1,1968,1,6,3.68E+28,Japan,5
1091,1,1968,1,7,3.68E+28,Japan,5
1092,1,1968,1,8,3.68E+28,Japan,5
1093,1,1968,1,9,3.68E+28,Japan,5
1094,1,1968,1,10,3.68E+28,Japan,5
1095,1,1968,1,11,3.68E+28,Japan,5
1096,1,1968,1,12,3.64E+28,Japan,5
1097,1,1968,1,13,3.64E+28,Japan,5
1098,1,1968,1,14,3.65E+28,Japan,5
1099,1,1968,1,15,3.65E+28,Japan,5
1100,1,1968,1,16,3.64E+28,Japan,5
1101,1,1968,1,17,3.64E+28,Japan,5
1102,1,1968,1,18,3.64E+28,Japan,5
1103,1,1968,1,19,3.64E+28,Japan,5
1104,1,1968,1,20,3.64E+28,Japan,5
1105,1,1968,1,21,3.64E+28,Japan,5
1106,1,1968,1,22,3.64E+28,Japan,5
1107,1,1968,1,23,3.64E+28,Japan,5
1108,1,1968,1,24,3.63E+28,Japan,5
1109,1,1968,1,25,3.63E+28,Japan,5
1110,1,1968,1,26,3.63E+28,Japan,5
1111,1,1968,1,27,3.68E+28,Japan,5
1112,1,1968,1,28,3.67E+28,Japan,5
1113,1,1968,1,29,3.67E+28,Japan,5
1114,1,1968,1,30,3.67E+28,Japan,5
1115,1,1968,1,31,3.67E+28,Japan,5
1116,1,1968,2,1,3.67E+28,Japan,5
1117,1,1968,2,2,3.67E+28,Japan,5
1118,1,1968,2,3,3.67E+28,Japan,5
1119,1,1968,2,4,3.67E+28,Japan,5
1120,1,1968,2,5,3.66E+28,Japan,5
1121,1,1968,2,6,3.66E+28,Japan,5
1122,1,1968,2,7,3.66E+28,Japan,5
1123,1,1968,2,8,3.66E+28,Japan,5
1124,1,1968,2,9,3.66E+28,Japan,5
1125,1,1968,2,10,3.66E+28,Japan,5
1126,1,1968,2,11,3.62E+28,Japan,5
1127,1,1968,2,12,3.62E+28,Japan,5
1128,1,1968,2,13,3.62E+28,Japan,5
1129,1,1968,2,14,3.62E+28,Japan,5
1130,1,1968,2,15,3.61E+28,Japan,5
1131,1,1968,2,16,3.61E+28,Japan,5
1132,1,1968,2,17,3.61E+28,Japan,5
1133,1,1968,2,18,3.61E+28,Japan,5
1134,1,1968,2,19,3.61E+28,Japan,5
1135,1,1968,2,20,3.60E+28,Japan,5
1136,1,1968,2,21,3.60E+28,Japan,5
1137,1,1968,2,21,3.60E+28,Japan,6
1138,1,1968,2,22,3.60E+28,Japan,5
1139,1,1968,2,23,3.60E+28,Japan,5
1140,1,1968,2,24,3.60E+28,Japan,5
1141,1,1968,2,25,3.63E+28,Japan,5
1142,1,1968,2,26,3.63E+28,Japan,5
1143,1,1968,2,27,3.63E+28,Japan,5
1144,1,1968,2,28,3.63E+28,Japan,5
1145,1,1968,3,1,3.62E+28,Japan,5
1146,1,1968,3,2,3.62E+28,Japan,5
1147,1,1968,3,3,3.62E+28,Japan,5
1148,1,1968,3,4,3.62E+28,Japan,5
1149,1,1968,3,5,3.62E+28,Japan,5
1150,1,1968,3,6,3.62E+28,Japan,5
1151,1,1968,3,7,3.62E+28,Japan,5
1152,1,1968,3,8,3.61E+28,Japan,5
1153,1,1968,3,9,3.61E+28,Japan,5
1154,1,1968,3,10,3.61E+28,Japan,5
1155,1,1968,3,11,3.61E+28,Japan,5
1156,1,1968,3,12,3.57E+28,Japan,5
1157,1,1968,3,13,3.56E+28,Japan,5
1158,1,1968,3,14,3.56E+28,Japan,5
1159,1,1968,3,15,3.56E+28,Japan,5
1160,1,1968,3,16,3.56E+28,Japan,5
1161,1,1968,3,17,3.56E+28,Japan,5
1162,1,1968,3,18,3.55E+28,Japan,5
1163,1,1968,3,19,3.55E+28,Japan,5
1164,1,1968,3,20,3.55E+28,Japan,5
1165,1,1968,3,21,3.55E+28,Japan,5
1166,1,1968,3,22,3.55E+28,Japan,5
1167,1,1968,3,23,3.55E+28,Japan,5
1168,1,1968,3,24,3.54E+28,Japan,5
1169,1,1968,3,25,3.54E+28,Japan,5
1170,1,1968,3,26,3.54E+28,Japan,5
1171,1,1968,3,27,3.58E+28,Japan,5
1172,1,1968,3,28,3.57E+28,Japan,5
1173,1,1968,3,29,3.57E+28,Japan,5
1174,1,1968,3,30,3.57E+28,Japan,5
1175,1,1968,3,31,3.57E+28,Japan,5
1176,1,1968,4,1,3.57E+28,Japan,7
1177,1,1968,4,1,3.57E+28,Japan,5
1178,1,1968,4,2,3.57E+28,Japan,5
1179,1,1968,4,3,3.56E+28,Japan,5
1180,1,1968,4,4,3.56E+28,Japan,5
1181,1,1968,4,5,3.56E+28,Japan,5
1182,1,1968,4,6,3.56E+28,Japan,5
1183,1,1968,4,7,3.55E+28,Japan,5
1184,1,1968,4,8,3.55E+28,Japan,5
1185,1,1968,4,9,3.55E+28,Japan,5
1186,1,1968,4,10,3.54E+28,Japan,5
1187,1,1968,4,11,3.51E+28,Japan,5
1188,1,1968,4,12,3.51E+28,Japan,5
1189,1,1968,4,13,3.51E+28,Japan,5
1190,1,1968,4,14,3.50E+28,Japan,5
1191,1,1968,4,15,3.50E+28,Japan,5
1192,1,1968,4,16,3.50E+28,Japan,5
1193,1,1968,4,17,3.49E+28,Japan,5
1194,1,1968,4,18,3.49E+28,Japan,5
1195,1,1968,4,19,3.49E+28,Japan,5
1196,1,1968,4,20,3.49E+28,Japan,5
1197,1,1968,4,21,3.48E+28,Japan,5
1198,1,1968,4,22,3.48E+28,Japan,5
1199,1,1968,4,23,3.48E+28,Japan,5
1200,1,1968,4,24,3.48E+28,Japan,5
1201,1,1968,4,25,3.48E+28,Japan,5
1202,1,1968,4,26,3.52E+28,Japan,5
1203,1,1968,4,27,3.52E+28,Japan,5
1204,1,1968,4,28,3.51E+28,Japan,5
1205,1,1968,4,29,3.51E+28,Japan,5
1206,1,1968,4,30,3.51E+28,Japan,5
1207,1,1968,5,1,3.51E+28,Japan,5
1208,1,1968,5,2,3.50E+28,Japan,5
1209,1,1968,5,3,3.50E+28,Japan,5
1210,1,1968,5,4,3.50E+28,Japan,5
1211,1,1968,5,5,3.50E+28,Japan,5
1212,1,1968,5,6,3.49E+28,Japan,5
1213,1,1968,5,7,3.49E+28,Japan,5
1214,1,1968,5,8,3.49E+28,Japan,5
1215,1,1968,5,9,3.50E+28,Japan,5
1216,1,1968,5,10,3.49E+28,Japan,5
1217,1,1968,5,11,3.45E+28,Japan,5
1218,1,1968,5,12,3.45E+28,Japan,5
1219,1,1968,5,13,3.45E+28,Japan,5
1220,1,1968,5,14,3.45E+28,Japan,5
1221,1,1968,5,15,3.44E+28,Japan,5
1222,1,1968,5,16,3.44E+28,Japan,7
1223,1,1968,5,16,3.44E+28,Japan,7
1224,1,1968,5,16,3.44E+28,Japan,5
1225,1,1968,5,17,3.43E+28,Japan,5
1226,1,1968,5,18,3.43E+28,Japan,5
1227,1,1968,5,19,3.43E+28,Japan,5
1228,1,1968,5,20,3.43E+28,Japan,5
1229,1,1968,5,21,3.44E+28,Japan,5
1230,1,1968,5,22,3.43E+28,Japan,5
1231,1,1968,5,23,3.43E+28,Japan,5
1232,1,1968,5,24,3.47E+28,Japan,5
1233,1,1968,5,25,3.47E+28,Japan,5
1234,1,1968,5,26,3.47E+28,Japan,5
1235,1,1968,5,27,3.47E+28,Japan,5
1236,1,1968,5,28,3.46E+28,Japan,5
1237,1,1968,5,29,3.46E+28,Japan,5
1238,1,1968,5,30,3.46E+28,Japan,5
1239,1,1968,5,31,3.64E+28,Japan,5
1240,1,1968,6,1,3.46E+28,Japan,5
1241,1,1968,6,2,3.46E+28,Japan,5
1242,1,1968,6,3,3.46E+28,Japan,5
1243,1,1968,6,4,3.45E+28,Japan,5
1244,1,1968,6,5,3.45E+28,Japan,5
1245,1,1968,6,6,3.45E+28,Japan,5
1246,1,1968,6,7,3.46E+28,Japan,5
1247,1,1968,6,8,3.46E+28,Japan,5
1248,1,1968,6,9,3.42E+28,Japan,5
1249,1,1968,6,10,3.41E+28,Japan,5
1250,1,1968,6,11,3.41E+28,Japan,5
1251,1,1968,6,12,3.41E+28,Japan,7
1252,1,1968,6,12,3.41E+28,Japan,5
1253,1,1968,6,13,3.41E+28,Japan,5
1254,1,1968,6,14,3.41E+28,Japan,5
1255,1,1968,6,15,3.41E+28,Japan,5
1256,1,1968,6,16,3.41E+28,Japan,5
1257,1,1968,6,17,3.41E+28,Japan,5
1258,1,1968,6,18,3.41E+28,Japan,5
1259,1,1968,6,19,3.41E+28,Japan,5
1260,1,1968,6,20,3.41E+28,Japan,5
1261,1,1968,6,21,3.41E+28,Japan,5
1262,1,1968,6,22,3.41E+28,Japan,5
1263,1,1968,6,23,3.45E+28,Japan,5
1264,1,1968,6,24,3.44E+28,Japan,5
1265,1,1968,6,25,3.44E+28,Japan,5
1266,1,1968,6,26,3.44E+28,Japan,5
1267,1,1968,6,27,3.44E+28,Japan,5
1268,1,1968,6,28,3.44E+28,Japan,5
1269,1,1968,6,29,3.44E+28,Japan,5
1270,1,1968,6,30,3.44E+28,Japan,5
1271,1,1968,7,1,3.44E+28,Japan,5
1272,1,1968,7,2,3.44E+28,Japan,5
1273,1,1968,7,3,3.44E+28,Japan,5
1274,1,1968,7,4,3.44E+28,Japan,5
1275,1,1968,7,5,3.44E+28,Japan,5
1276,1,1968,7,6,3.44E+28,Japan,5
1277,1,1968,7,7,3.44E+28,Japan,5
1278,1,1968,7,8,3.40E+28,Japan,5
1279,1,1968,7,9,3.40E+28,Japan,5
1280,1,1968,7,10,3.40E+28,Japan,5
1281,1,1968,7,11,3.40E+28,Japan,5
1282,1,1968,7,12,3.40E+28,Japan,5
1283,1,1968,7,13,3.40E+28,Japan,5
1284,1,1968,7,14,3.40E+28,Japan,5
1285,1,1968,7,15,3.41E+28,Japan,5
1286,1,1968,7,16,3.41E+28,Japan,5
1287,1,1968,7,17,3.41E+28,Japan,5
1288,1,1968,7,18,3.41E+28,Japan,5
1289,1,1968,7,19,3.41E+28,Japan,5
1290,1,1968,7,20,3.41E+28,Japan,5
1291,1,1968,7,21,3.41E+28,Japan,5
1292,1,1968,7,22,3.41E+28,Japan,5
1293,1,1968,7,23,3.45E+28,Japan,5
1294,1,1968,7,24,3.45E+28,Japan,5
1295,1,1968,7,25,3.45E+28,Japan,5
1296,1,1968,7,26,3.45E+28,Japan,5
1297,1,1968,7,27,3.45E+28,Japan,5
1298,1,1968,7,28,3.45E+28,Japan,5
1299,1,1968,7,29,3.45E+28,Japan,5
1300,1,1968,7,30,3.46E+28,Japan,5
1301,1,1968,7,31,3.46E+28,Japan,5
1302,1,1968,8,1,3.46E+28,Japan,5
1303,1,1968,8,2,3.46E+28,Japan,5
1304,1,1968,8,3,3.46E+28,Japan,5
1305,1,1968,8,4,3.46E+28,Japan,5
1306,1,1968,8,5,3.46E+28,Japan,5
1307,1,1968,8,6,3.46E+28,Japan,5
1308,1,1968,8,7,3.42E+28,Japan,5
1309,1,1968,8,8,3.42E+28,Japan,5
1310,1,1968,8,9,3.42E+28,Japan,5
1311,1,1968,8,10,3.42E+28,Japan,5
1312,1,1968,8,11,3.43E+28,Japan,5
1313,1,1968,8,12,3.43E+28,Japan,5
1314,1,1968,8,13,3.43E+28,Japan,5
1315,1,1968,8,14,3.43E+28,Japan,5
1316,1,1968,8,15,3.43E+28,Japan,5
1317,1,1968,8,16,3.44E+28,Japan,5
1318,1,1968,8,17,3.44E+28,Japan,5
1319,1,1968,8,18,3.44E+28,Japan,5
1320,1,1968,8,19,3.44E+28,Japan,5
1321,1,1968,8,20,3.44E+28,Japan,5
1322,1,1968,8,21,3.44E+28,Japan,5
1323,1,1968,8,22,3.48E+28,Japan,5
1324,1,1968,8,23,3.48E+28,Japan,5
1325,1,1968,8,24,3.48E+28,Japan,5
1326,1,1968,8,25,3.48E+28,Japan,5
1327,1,1968,8,26,3.49E+28,Japan,5
1328,1,1968,8,27,3.49E+28,Japan,5
1329,1,1968,8,28,3.49E+28,Japan,5
1330,1,1968,8,29,3.49E+28,Japan,5
1331,1,1968,8,30,3.49E+28,Japan,5
1332,1,1968,8,31,3.50E+28,Japan,5
1333,1,1968,9,1,3.50E+28,Japan,5
1334,1,1968,9,2,3.50E+28,Japan,5
1335,1,1968,9,3,3.50E+28,Japan,5
1336,1,1968,9,4,3.50E+28,Japan,5
1337,1,1968,9,5,3.50E+28,Japan,5
1338,1,1968,9,6,3.46E+28,Japan,5
1339,1,1968,9,7,3.46E+28,Japan,5
1340,1,1968,9,8,3.47E+28,Japan,5
1341,1,1968,9,9,3.47E+28,Japan,5
1342,1,1968,9,10,3.47E+28,Japan,5
1343,1,1968,9,11,3.48E+28,Japan,5
1344,1,1968,9,12,3.48E+28,Japan,5
1345,1,1968,9,13,3.48E+28,Japan,5
1346,1,1968,9,14,3.48E+28,Japan,5
1347,1,1968,9,15,3.49E+28,Japan,5
1348,1,1968,9,16,3.49E+28,Japan,5
1349,1,1968,9,17,3.49E+28,Japan,5
1350,1,1968,9,18,3.49E+28,Japan,5
1351,1,1968,9,19,3.49E+28,Japan,5
1352,1,1968,9,20,3.49E+28,Japan,5
1353,1,1968,9,21,3.53E+28,Japan,5
1354,1,1968,9,22,3.54E+28,Japan,5
1355,1,1968,9,23,3.54E+28,Japan,5
1356,1,1968,9,24,3.54E+28,Japan,5
1357,1,1968,9,25,3.54E+28,Japan,5
1358,1,1968,9,26,3.55E+28,Japan,5
1359,1,1968,9,27,3.55E+28,Japan,5
1360,1,1968,9,28,3.55E+28,Japan,5
1361,1,1968,9,29,3.55E+28,Japan,5
1362,1,1968,9,30,3.55E+28,Japan,5
1363,1,1968,10,1,3.55E+28,Japan,5
1364,1,1968,10,2,3.55E+28,Japan,5
1365,1,1968,10,3,3.56E+28,Japan,5
1366,1,1968,10,4,3.56E+28,Japan,5
1367,1,1968,10,5,3.56E+28,Japan,5
1368,1,1968,10,6,3.53E+28,Japan,5
1369,1,1968,10,7,3.53E+28,Japan,5
1370,1,1968,10,8,3.53E+28,Japan,7
1371,1,1968,10,8,3.53E+28,Japan,5
1372,1,1968,10,9,3.53E+28,Japan,5
1373,1,1968,10,10,3.54E+28,Japan,5
1374,1,1968,10,11,3.54E+28,Japan,5
1375,1,1968,10,12,3.54E+28,Japan,5
1376,1,1968,10,13,3.54E+28,Japan,5
1377,1,1968,10,14,3.54E+28,Japan,5
1378,1,1968,10,15,3.54E+28,Japan,5
1379,1,1968,10,16,3.54E+28,Japan,5
1380,1,1968,10,17,3.55E+28,Japan,5
1381,1,1968,10,18,3.55E+28,Japan,5
1382,1,1968,10,19,3.55E+28,Japan,5
1383,1,1968,10,20,3.56E+28,Japan,5
1384,1,1968,10,21,3.59E+28,Japan,5
1385,1,1968,10,22,3.60E+28,Japan,5
1386,1,1968,10,23,3.60E+28,Japan,5
1387,1,1968,10,24,3.60E+28,Japan,5
1388,1,1968,10,25,3.60E+28,Japan,5
1389,1,1968,10,26,3.60E+28,Japan,5
1390,1,1968,10,27,3.61E+28,Japan,5
1391,1,1968,10,28,3.61E+28,Japan,5
1392,1,1968,10,29,3.61E+28,Japan,5
1393,1,1968,10,30,3.61E+28,Japan,5
1394,1,1968,10,31,3.61E+28,Japan,5
1395,1,1968,11,1,3.62E+28,Japan,5
1396,1,1968,11,2,3.62E+28,Japan,5
1397,1,1968,11,3,3.62E+28,Japan,5
1398,1,1968,11,4,3.62E+28,Japan,5
1399,1,1968,11,5,3.59E+28,Japan,5
1400,1,1968,11,6,3.59E+28,Japan,5
1401,1,1968,11,7,3.59E+28,Japan,5
1402,1,1968,11,8,3.59E+28,Japan,5
1403,1,1968,11,9,3.59E+28,Japan,5
1404,1,1968,11,10,3.59E+28,Japan,5
1405,1,1968,11,11,3.59E+28,Japan,5
1406,1,1968,11,12,3.59E+28,Japan,5
1407,1,1968,11,13,3.60E+28,Japan,5
1408,1,1968,11,14,3.60E+28,Japan,5
1409,1,1968,11,15,3.60E+28,Japan,5
1410,1,1968,11,16,3.60E+28,Japan,5
1411,1,1968,11,17,3.61E+28,Japan,5
1412,1,1968,11,18,3.61E+28,Japan,5
1413,1,1968,11,19,3.61E+28,Japan,5
1414,1,1968,11,20,3.65E+28,Japan,5
1415,1,1968,11,21,3.65E+28,Japan,5
1416,1,1968,11,22,3.66E+28,Japan,5
1417,1,1968,11,23,3.66E+28,Japan,5
1418,1,1968,11,24,3.66E+28,Japan,5
1419,1,1968,11,25,3.66E+28,Japan,5
1420,1,1968,11,26,3.66E+28,Japan,5
1421,1,1968,11,27,3.66E+28,Japan,5
1422,1,1968,11,28,3.66E+28,Japan,5
1423,1,1968,11,29,3.66E+28,Japan,5
1424,1,1968,11,30,3.66E+28,Japan,5
1425,1,1968,12,1,3.66E+28,Japan,5
1426,1,1968,12,2,3.66E+28,Japan,5
1427,1,1968,12,3,3.66E+28,Japan,5
1428,1,1968,12,4,3.67E+28,Japan,5
1429,1,1968,12,5,3.63E+28,Japan,5
1430,1,1968,12,6,3.63E+28,Japan,5
1431,1,1968,12,7,3.63E+28,Japan,5
1432,1,1968,12,8,3.63E+28,Japan,5
1433,1,1968,12,9,3.63E+28,Japan,5
1434,1,1968,12,10,3.63E+28,Japan,5
1435,1,1968,12,11,3.64E+28,Japan,5
1436,1,1968,12,12,3.64E+28,Japan,5
1437,1,1968,12,13,3.64E+28,Japan,5
1438,1,1968,12,14,3.64E+28,Japan,5
1439,1,1968,12,15,3.64E+28,Japan,5
1440,1,1968,12,16,3.64E+28,Japan,5
1441,1,1968,12,17,3.64E+28,Japan,5
1442,1,1968,12,18,3.63E+28,Japan,5
1443,1,1968,12,19,3.63E+28,Japan,5
1444,1,1968,12,20,3.68E+28,Japan,5
1445,1,1968,12,21,3.68E+28,Japan,5
1446,1,1968,12,22,3.68E+28,Japan,5
1447,1,1968,12,23,3.68E+28,Japan,5
1448,1,1968,12,24,3.69E+28,Japan,5
1449,1,1968,12,25,3.69E+28,Japan,5
1450,1,1968,12,26,3.68E+28,Japan,5
1451,1,1968,12,27,3.68E+28,Japan,5
1452,1,1968,12,28,3.68E+28,Japan,5
1453,1,1968,12,29,3.68E+28,Japan,5
1454,1,1968,12,30,3.68E+28,Japan,5
1455,1,1968,12,31,3.68E+28,Japan,5
1456,1,1969,1,1,3.68E+28,Japan,5
1457,1,1969,1,2,3.68E+28,Japan,5
1458,1,1969,1,3,3.68E+28,Japan,5
1459,1,1969,1,4,3.65E+28,Japan,5
1460,1,1969,1,5,3.65E+28,Japan,5
1461,1,1969,1,6,3.65E+28,Japan,5
1462,1,1969,1,7,3.65E+28,Japan,5
1463,1,1969,1,8,3.64E+28,Japan,5
1464,1,1969,1,9,3.64E+28,Japan,5
1465,1,1969,1,10,3.64E+28,Japan,5
1466,1,1969,1,11,3.64E+28,Japan,5
1467,1,1969,1,12,3.64E+28,Japan,5
1468,1,1969,1,13,3.64E+28,Japan,5
1469,1,1969,1,14,3.64E+28,Japan,5
1470,1,1969,1,15,3.64E+28,Japan,5
1471,1,1969,1,16,3.63E+28,Japan,5
1472,1,1969,1,17,3.63E+28,Japan,5
1473,1,1969,1,18,3.63E+28,Japan,5
1474,1,1969,1,19,3.68E+28,Japan,5
1475,1,1969,1,20,3.68E+28,Japan,5
1476,1,1969,1,21,3.68E+28,Japan,5
1477,1,1969,1,22,3.68E+28,Japan,5
1478,1,1969,1,23,3.68E+28,Japan,5
1479,1,1969,1,24,3.68E+28,Japan,5
1480,1,1969,1,25,3.67E+28,Japan,5
1481,1,1969,1,26,3.67E+28,Japan,5
1482,1,1969,1,27,3.67E+28,Japan,5
1483,1,1969,1,28,3.67E+28,Japan,5
1484,1,1969,1,29,3.67E+28,Japan,5
1485,1,1969,1,30,3.67E+28,Japan,5
1486,1,1969,1,31,3.67E+28,Japan,5
1487,1,1969,2,1,3.67E+28,Japan,5
1488,1,1969,2,2,3.66E+28,Japan,5
1489,1,1969,2,3,3.62E+28,Japan,5
1490,1,1969,2,4,3.62E+28,Japan,5
1491,1,1969,2,5,3.62E+28,Japan,5
1492,1,1969,2,6,3.62E+28,Japan,5
1493,1,1969,2,7,3.62E+28,Japan,5
1494,1,1969,2,8,3.62E+28,Japan,5
1495,1,1969,2,9,3.61E+28,Japan,5
1496,1,1969,2,10,3.61E+28,Japan,5
1497,1,1969,2,11,3.61E+28,Japan,5
1498,1,1969,2,12,3.61E+28,Japan,5
1499,1,1969,2,13,3.61E+28,Japan,5
1500,1,1969,2,14,3.60E+28,Japan,5
1501,1,1969,2,15,3.60E+28,Japan,5
1502,1,1969,2,16,3.60E+28,Japan,5
1503,1,1969,2,17,3.60E+28,Japan,5
1504,1,1969,2,18,3.65E+28,Japan,5
1505,1,1969,2,19,3.64E+28,Japan,5
1506,1,1969,2,20,3.64E+28,Japan,5
1507,1,1969,2,21,3.64E+28,Japan,5
1508,1,1969,2,22,3.64E+28,Japan,5
1509,1,1969,2,23,3.63E+28,Japan,5
1510,1,1969,2,24,3.63E+28,Japan,5
1511,1,1969,2,25,3.63E+28,Japan,5
1512,1,1969,2,26,3.63E+28,Japan,5
1513,1,1969,2,27,3.62E+28,Japan,5
1514,1,1969,2,28,3.62E+28,Japan,5
1515,1,1969,3,1,3.62E+28,Japan,5
1516,1,1969,3,2,3.62E+28,Japan,5
1517,1,1969,3,3,3.62E+28,Japan,5
1518,1,1969,3,4,3.62E+28,Japan,5
1519,1,1969,3,5,3.58E+28,Japan,5
1520,1,1969,3,6,3.58E+28,Japan,5
1521,1,1969,3,7,3.58E+28,Japan,5
1522,1,1969,3,8,3.57E+28,Japan,5
1523,1,1969,3,9,3.57E+28,Japan,5
1524,1,1969,3,10,3.57E+28,Japan,5
1525,1,1969,3,11,3.56E+28,Japan,5
1526,1,1969,3,12,3.56E+28,Japan,5
1527,1,1969,3,13,3.56E+28,Japan,5
1528,1,1969,3,14,3.56E+28,Japan,5
1529,1,1969,3,15,3.55E+28,Japan,5
1530,1,1969,3,16,3.55E+28,Japan,5
1531,1,1969,3,17,3.55E+28,Japan,5
1532,1,1969,3,18,3.55E+28,Japan,5
1533,1,1969,3,19,3.55E+28,Japan,5
1534,1,1969,3,20,3.59E+28,Japan,5
1535,1,1969,3,21,3.59E+28,Japan,5
1536,1,1969,3,22,3.58E+28,Japan,5
1537,1,1969,3,23,3.58E+28,Japan,5
1538,1,1969,3,24,3.58E+28,Japan,5
1539,1,1969,3,25,3.58E+28,Japan,5
1540,1,1969,3,26,3.57E+28,Japan,5
1541,1,1969,3,27,3.57E+28,Japan,5
1542,1,1969,3,28,3.57E+28,Japan,5
1543,1,1969,3,29,3.56E+28,Japan,5
1544,1,1969,3,30,3.56E+28,Japan,5
1545,1,1969,3,31,3.56E+28,Japan,5
1546,1,1969,4,1,3.57E+28,Japan,5
1547,1,1969,4,2,3.56E+28,Japan,5
1548,1,1969,4,3,3.56E+28,Japan,5
1549,1,1969,4,4,3.52E+28,Japan,5
1550,1,1969,4,5,3.51E+28,Japan,5
1551,1,1969,4,6,3.51E+28,Japan,5
1552,1,1969,4,7,3.51E+28,Japan,5
1553,1,1969,4,8,3.51E+28,Japan,5
1554,1,1969,4,9,3.50E+28,Japan,5
1555,1,1969,4,10,3.50E+28,Japan,5
1556,1,1969,4,11,3.50E+28,Japan,5
1557,1,1969,4,12,3.50E+28,Japan,5
1558,1,1969,4,13,3.50E+28,Japan,5
1559,1,1969,4,14,3.50E+28,Japan,5
1560,1,1969,4,15,3.50E+28,Japan,5
1561,1,1969,4,16,3.49E+28,Japan,5
1562,1,1969,4,17,3.49E+28,Japan,5
1563,1,1969,4,18,3.49E+28,Japan,5
1564,1,1969,4,19,3.52E+28,Japan,5
1565,1,1969,4,20,3.52E+28,Japan,5
1566,1,1969,4,21,3.52E+28,Japan,5
1567,1,1969,4,22,3.52E+28,Japan,5
1568,1,1969,4,23,3.52E+28,Japan,5
1569,1,1969,4,24,3.52E+28,Japan,5
1570,1,1969,4,25,3.52E+28,Japan,5
1571,1,1969,4,26,3.51E+28,Japan,5
1572,1,1969,4,27,3.51E+28,Japan,5
1573,1,1969,4,28,3.51E+28,Japan,5
1574,1,1969,4,29,3.51E+28,Japan,5
1575,1,1969,4,30,3.50E+28,Japan,5
1576,1,1969,5,1,3.50E+28,Japan,5
1577,1,1969,5,2,3.50E+28,Japan,5
1578,1,1969,5,3,3.50E+28,Japan,5
1579,1,1969,5,4,3.46E+28,Japan,5
1580,1,1969,5,5,3.45E+28,Japan,5
1581,1,1969,5,6,3.45E+28,Japan,5
1582,1,1969,5,7,3.45E+28,Japan,5
1583,1,1969,5,8,3.45E+28,Japan,5
1584,1,1969,5,9,3.45E+28,Japan,5
1585,1,1969,5,10,3.45E+28,Japan,5
1586,1,1969,5,11,3.45E+28,Japan,5
1587,1,1969,5,12,3.45E+28,Japan,5
1588,1,1969,5,13,3.44E+28,Japan,5
1589,1,1969,5,14,3.44E+28,Japan,5
1590,1,1969,5,15,3.44E+28,Japan,5
1591,1,1969,5,16,3.44E+28,Japan,5
1592,1,1969,5,17,3.44E+28,Japan,5
1593,1,1969,5,18,3.44E+28,Japan,5
1594,1,1969,5,19,3.47E+28,Japan,5
1595,1,1969,5,20,3.47E+28,Japan,5
1596,1,1969,5,21,3.47E+28,Japan,5
1597,1,1969,5,22,3.47E+28,Japan,5
1598,1,1969,5,23,3.47E+28,Japan,5
1599,1,1969,5,24,3.47E+28,Japan,5
1600,1,1969,5,25,3.47E+28,Japan,5
1601,1,1969,5,26,3.47E+28,Japan,5
1602,1,1969,5,27,3.47E+28,Japan,5
1603,1,1969,5,28,3.46E+28,Japan,5
1604,1,1969,5,29,3.46E+28,Japan,5
1605,1,1969,5,30,3.46E+28,Japan,5
1606,1,1969,5,31,3.46E+28,Japan,5
1607,1,1969,6,1,3.46E+28,Japan,5
1608,1,1969,6,2,3.46E+28,Japan,5
1609,1,1969,6,3,3.42E+28,Japan,5
1610,1,1969,6,4,3.41E+28,Japan,5
1611,1,1969,6,5,3.41E+28,Japan,5
1612,1,1969,6,6,3.41E+28,Japan,5
1613,1,1969,6,7,3.41E+28,Japan,5
1614,1,1969,6,8,3.41E+28,Japan,5
1615,1,1969,6,9,3.41E+28,Japan,5
1616,1,1969,6,10,3.41E+28,Japan,5
1617,1,1969,6,11,3.42E+28,Japan,5
1618,1,1969,6,12,3.41E+28,Japan,5
1619,1,1969,6,13,3.41E+28,Japan,5
1620,1,1969,6,14,3.41E+28,Japan,5
1621,1,1969,6,15,3.41E+28,Japan,5
1622,1,1969,6,16,3.41E+28,Japan,5
1623,1,1969,6,17,3.41E+28,Japan,5
1624,1,1969,6,18,3.45E+28,Japan,5
1625,1,1969,6,19,3.45E+28,Japan,5
1626,1,1969,6,20,3.45E+28,Japan,5
1627,1,1969,6,21,3.45E+28,Japan,5
1628,1,1969,6,22,3.45E+28,Japan,5
1629,1,1969,6,23,3.45E+28,Japan,5
1630,1,1969,6,24,3.44E+28,Japan,5
1631,1,1969,6,25,3.44E+28,Japan,5
1632,1,1969,6,26,3.44E+28,Japan,5
1633,1,1969,6,27,3.44E+28,Japan,5
1634,1,1969,6,28,3.44E+28,Japan,5
1635,1,1969,6,29,3.44E+28,Japan,5
1636,1,1969,6,30,3.44E+28,Japan,5
1637,1,1969,7,1,3.44E+28,Japan,5
1638,1,1969,7,2,3.44E+28,Japan,5
1639,1,1969,7,3,3.40E+28,Japan,5
1640,1,1969,7,4,3.40E+28,Japan,5
1641,1,1969,7,5,3.40E+28,Japan,5
1642,1,1969,7,6,3.40E+28,Japan,5
1643,1,1969,7,7,3.40E+28,Japan,5
1644,1,1969,7,8,3.40E+28,Japan,5
1645,1,1969,7,9,3.40E+28,Japan,5
1646,1,1969,7,10,3.40E+28,Japan,5
1647,1,1969,7,11,3.40E+28,Japan,5
1648,1,1969,7,12,3.40E+28,Japan,5
1649,1,1969,7,13,3.40E+28,Japan,5
1650,1,1969,7,14,3.40E+28,Japan,5
1651,1,1969,7,15,3.41E+28,Japan,5
1652,1,1969,7,16,3.41E+28,Japan,5
1653,1,1969,7,17,3.41E+28,Japan,5
1654,1,1969,7,18,3.45E+28,Japan,5
1655,1,1969,7,19,3.45E+28,Japan,5
1656,1,1969,7,20,3.45E+28,Japan,5
1657,1,1969,7,21,3.45E+28,Japan,5
1658,1,1969,7,22,3.45E+28,Japan,5
1659,1,1969,7,23,3.45E+28,Japan,5
1660,1,1969,7,24,3.45E+28,Japan,5
1661,1,1969,7,25,3.45E+28,Japan,5
1662,1,1969,7,26,3.45E+28,Japan,5
1663,1,1969,7,27,3.45E+28,Japan,5
1664,1,1969,7,28,3.46E+28,Japan,5
1665,1,1969,7,29,3.46E+28,Japan,5
1666,1,1969,7,30,3.46E+28,Japan,5
1667,1,1969,7,31,3.46E+28,Japan,5
1668,1,1969,8,1,3.46E+28,Japan,5
1669,1,1969,8,2,3.41E+28,Japan,5
1670,1,1969,8,3,3.41E+28,Japan,5
1671,1,1969,8,4,3.42E+28,Japan,5
1672,1,1969,8,5,3.42E+28,Japan,5
1673,1,1969,8,6,3.42E+28,Japan,5
1674,1,1969,8,7,3.42E+28,Japan,5
1675,1,1969,8,8,3.42E+28,Japan,5
1676,1,1969,8,9,3.42E+28,Japan,5
1677,1,1969,8,10,3.42E+28,Japan,5
1678,1,1969,8,11,3.43E+28,Japan,5
1679,1,1969,8,12,3.43E+28,Japan,7
1680,1,1969,8,12,3.43E+28,Japan,5
1681,1,1969,8,13,3.43E+28,Japan,5
1682,1,1969,8,14,3.43E+28,Japan,5
1683,1,1969,8,15,3.43E+28,Japan,5
1684,1,1969,8,16,3.43E+28,Japan,5
1685,1,1969,8,17,3.47E+28,Japan,5
1686,1,1969,8,18,3.47E+28,Japan,5
1687,1,1969,8,19,3.47E+28,Japan,5
1688,1,1969,8,20,3.48E+28,Japan,5
1689,1,1969,8,21,3.48E+28,Japan,5
1690,1,1969,8,22,3.48E+28,Japan,5
1691,1,1969,8,23,3.48E+28,Japan,5
1692,1,1969,8,24,3.48E+28,Japan,5
1693,1,1969,8,25,3.48E+28,Japan,5
1694,1,1969,8,26,3.49E+28,Japan,5
1695,1,1969,8,27,3.49E+28,Japan,5
1696,1,1969,8,28,3.49E+28,Japan,5
1697,1,1969,8,29,3.49E+28,Japan,5
1698,1,1969,8,30,3.49E+28,Japan,5
1699,1,1969,8,31,3.50E+28,Japan,5
1700,1,1969,9,1,3.46E+28,Japan,5
1701,1,1969,9,2,3.46E+28,Japan,5
1702,1,1969,9,3,3.46E+28,Japan,5
1703,1,1969,9,4,3.46E+28,Japan,5
1704,1,1969,9,5,3.46E+28,Japan,5
1705,1,1969,9,6,3.46E+28,Japan,5
1706,1,1969,9,7,3.47E+28,Japan,5
1707,1,1969,9,8,3.47E+28,Japan,5
1708,1,1969,9,9,3.47E+28,Japan,6
1709,1,1969,9,9,3.47E+28,Japan,5
1710,1,1969,9,10,3.47E+28,Japan,5
1711,1,1969,9,11,3.47E+28,Japan,5
1712,1,1969,9,12,3.48E+28,Japan,5
1713,1,1969,9,13,3.48E+28,Japan,5
1714,1,1969,9,14,3.48E+28,Japan,5
1715,1,1969,9,15,3.48E+28,Japan,5
1716,1,1969,9,16,3.52E+28,Japan,5
1717,1,1969,9,17,3.52E+28,Japan,5
1718,1,1969,9,18,3.52E+28,Japan,5
1719,1,1969,9,19,3.53E+28,Japan,5
1720,1,1969,9,20,3.53E+28,Japan,5
1721,1,1969,9,21,3.53E+28,Japan,5
1722,1,1969,9,22,3.53E+28,Japan,5
1723,1,1969,9,23,3.54E+28,Japan,5
1724,1,1969,9,24,3.54E+28,Japan,5
1725,1,1969,9,25,3.54E+28,Japan,5
1726,1,1969,9,26,3.55E+28,Japan,5
1727,1,1969,9,27,3.55E+28,Japan,5
1728,1,1969,9,28,3.55E+28,Japan,5
1729,1,1969,9,29,3.55E+28,Japan,5
1730,1,1969,9,30,3.55E+28,Japan,5
1731,1,1969,10,1,3.51E+28,Japan,5
1732,1,1969,10,2,3.51E+28,Japan,5
1733,1,1969,10,3,3.52E+28,Japan,5
1734,1,1969,10,4,3.52E+28,Japan,5
1735,1,1969,10,5,3.52E+28,Japan,5
1736,1,1969,10,6,3.52E+28,Japan,5
1737,1,1969,10,7,3.53E+28,Japan,5
1738,1,1969,10,8,3.53E+28,Japan,5
1739,1,1969,10,9,3.53E+28,Japan,5
1740,1,1969,10,10,3.54E+28,Japan,5
1741,1,1969,10,11,3.54E+28,Japan,5
1742,1,1969,10,12,3.53E+28,Japan,5
1743,1,1969,10,13,3.53E+28,Japan,5
1744,1,1969,10,14,3.54E+28,Japan,5
1745,1,1969,10,15,3.54E+28,Japan,5
1746,1,1969,10,16,3.58E+28,Japan,5
1747,1,1969,10,17,3.59E+28,Japan,5
1748,1,1969,10,18,3.59E+28,Japan,5
1749,1,1969,10,19,3.59E+28,Japan,5
1750,1,1969,10,20,3.59E+28,Japan,5
1751,1,1969,10,21,3.60E+28,Japan,5
1752,1,1969,10,22,3.60E+28,Japan,5
1753,1,1969,10,23,3.60E+28,Japan,5
1754,1,1969,10,24,3.60E+28,Japan,5
1755,1,1969,10,25,3.60E+28,Japan,5
1756,1,1969,10,26,3.60E+28,Japan,5
1757,1,1969,10,27,3.60E+28,Japan,5
1758,1,1969,10,28,3.61E+28,Japan,5
1759,1,1969,10,29,3.61E+28,Japan,5
1760,1,1969,10,30,3.61E+28,Japan,5
1761,1,1969,10,31,3.57E+28,Japan,5
1762,1,1969,11,1,3.58E+28,Japan,5
1763,1,1969,11,2,3.58E+28,Japan,5
1764,1,1969,11,3,3.58E+28,Japan,5
1765,1,1969,11,4,3.58E+28,Japan,5
1766,1,1969,11,5,3.59E+28,Japan,5
1767,1,1969,11,6,3.59E+28,Japan,5
1768,1,1969,11,7,3.59E+28,Japan,5
1769,1,1969,11,8,3.59E+28,Japan,5
1770,1,1969,11,9,3.59E+28,Japan,5
1771,1,1969,11,10,3.59E+28,Japan,5
1772,1,1969,11,11,3.59E+28,Japan,5
1773,1,1969,11,12,3.59E+28,Japan,5
1774,1,1969,11,13,3.60E+28,Japan,5
1775,1,1969,11,14,3.60E+28,Japan,5
1776,1,1969,11,15,3.64E+28,Japan,5
1777,1,1969,11,16,3.64E+28,Japan,5
1778,1,1969,11,17,3.64E+28,Japan,5
1779,1,1969,11,18,3.65E+28,Japan,5
1780,1,1969,11,19,3.65E+28,Japan,5
1781,1,1969,11,20,3.65E+28,Japan,5
1782,1,1969,11,21,3.65E+28,Japan,5
1783,1,1969,11,22,3.65E+28,Japan,5
1784,1,1969,11,23,3.65E+28,Japan,5
1785,1,1969,11,24,3.65E+28,Japan,5
1786,1,1969,11,25,3.65E+28,Japan,5
1787,1,1969,11,26,3.65E+28,Japan,5
1788,1,1969,11,27,3.65E+28,Japan,5
1789,1,1969,11,28,3.66E+28,Japan,5
1790,1,1969,11,29,3.66E+28,Japan,5
1791,1,1969,11,30,3.62E+28,Japan,5
1792,1,1969,12,1,3.62E+28,Japan,5
1793,1,1969,12,2,3.62E+28,Japan,5
1794,1,1969,12,3,3.62E+28,Japan,5
1795,1,1969,12,4,3.63E+28,Japan,5
1796,1,1969,12,5,3.63E+28,Japan,5
1797,1,1969,12,6,3.63E+28,Japan,5
1798,1,1969,12,7,3.63E+28,Japan,5
1799,1,1969,12,8,3.63E+28,Japan,5
1800,1,1969,12,9,3.63E+28,Japan,5
1801,1,1969,12,10,3.63E+28,Japan,5
1802,1,1969,12,11,3.63E+28,Japan,5
1803,1,1969,12,12,3.63E+28,Japan,5
1804,1,1969,12,13,3.63E+28,Japan,5
1805,1,1969,12,14,3.63E+28,Japan,5
1806,1,1969,12,15,3.68E+28,Japan,5
1807,1,1969,12,16,3.68E+28,Japan,5
1808,1,1969,12,17,3.68E+28,Japan,5
1809,1,1969,12,18,3.68E+28,Japan,5
1810,1,1969,12,19,3.68E+28,Japan,5
1811,1,1969,12,20,3.68E+28,Japan,5
1812,1,1969,12,21,3.68E+28,Japan,5
1813,1,1969,12,22,3.67E+28,Japan,5
1814,1,1969,12,23,3.67E+28,Japan,5
1815,1,1969,12,24,3.68E+28,Japan,5
1816,1,1969,12,25,3.68E+28,Japan,5
1817,1,1969,12,26,3.68E+28,Japan,5
1818,1,1969,12,27,3.68E+28,Japan,5
1819,1,1969,12,28,3.68E+28,Japan,5
1820,1,1969,12,29,3.68E+28,Japan,5
1821,1,1969,12,30,3.65E+28,Japan,5
1822,1,1969,12,31,3.65E+28,Japan,5
1823,1,1970,1,1,3.65E+28,Japan,5
1824,1,1970,1,2,3.64E+28,Japan,5
1825,1,1970,1,3,3.64E+28,Japan,5
1826,1,1970,1,4,3.64E+28,Japan,5
1827,1,1970,1,5,3.64E+28,Japan,5
1828,1,1970,1,6,3.64E+28,Japan,5
1829,1,1970,1,7,3.64E+28,Japan,5
1830,1,1970,1,8,3.64E+28,Japan,5
1831,1,1970,1,9,3.64E+28,Japan,5
1832,1,1970,1,10,3.64E+28,Japan,5
1833,1,1970,1,11,3.64E+28,Japan,5
1834,1,1970,1,12,3.64E+28,Japan,5
1835,1,1970,1,13,3.63E+28,Japan,5
1836,1,1970,1,14,3.68E+28,Japan,5
1837,1,1970,1,15,3.68E+28,Japan,5
1838,1,1970,1,16,3.68E+28,Japan,5
1839,1,1970,1,17,3.68E+28,Japan,5
1840,1,1970,1,18,3.68E+28,Japan,5
1841,1,1970,1,19,3.67E+28,Japan,5
1842,1,1970,1,20,3.67E+28,Japan,5
1843,1,1970,1,21,3.67E+28,Japan,5
1844,1,1970,1,22,3.67E+28,Japan,5
1845,1,1970,1,23,3.67E+28,Japan,5
1846,1,1970,1,24,3.67E+28,Japan,5
1847,1,1970,1,25,3.67E+28,Japan,5
1848,1,1970,1,26,3.67E+28,Japan,5
1849,1,1970,1,27,3.67E+28,Japan,5
1850,1,1970,1,28,3.67E+28,Japan,5
1851,1,1970,1,29,3.63E+28,Japan,5
1852,1,1970,1,30,3.63E+28,Japan,5
1853,1,1970,1,31,3.63E+28,Japan,5
1854,1,1970,2,1,3.63E+28,Japan,5
1855,1,1970,2,2,3.62E+28,Japan,5
1856,1,1970,2,3,3.62E+28,Japan,5
1857,1,1970,2,4,3.62E+28,Japan,5
1858,1,1970,2,5,3.62E+28,Japan,5
1859,1,1970,2,6,3.62E+28,Japan,5
1860,1,1970,2,7,3.62E+28,Japan,5
1861,1,1970,2,8,3.61E+28,Japan,5
1862,1,1970,2,9,3.61E+28,Japan,5
1863,1,1970,2,10,3.61E+28,Japan,5
1864,1,1970,2,11,3.61E+28,Japan,5
1865,1,1970,2,12,3.61E+28,Japan,5
1866,1,1970,2,13,3.65E+28,Japan,5
1867,1,1970,2,14,3.65E+28,Japan,5
1868,1,1970,2,15,3.65E+28,Japan,5
1869,1,1970,2,16,3.65E+28,Japan,5
1870,1,1970,2,17,3.64E+28,Japan,5
1871,1,1970,2,18,3.64E+28,Japan,5
1872,1,1970,2,19,3.64E+28,Japan,5
1873,1,1970,2,20,3.64E+28,Japan,5
1874,1,1970,2,21,3.64E+28,Japan,5
1875,1,1970,2,22,3.64E+28,Japan,5
1876,1,1970,2,23,3.63E+28,Japan,5
1877,1,1970,2,24,3.63E+28,Japan,5
1878,1,1970,2,25,3.63E+28,Japan,5
1879,1,1970,2,26,3.63E+28,Japan,5
1880,1,1970,2,27,3.63E+28,Japan,5
1881,1,1970,2,28,3.59E+28,Japan,5
1882,1,1970,3,1,3.58E+28,Japan,5
1883,1,1970,3,2,3.58E+28,Japan,5
1884,1,1970,3,3,3.58E+28,Japan,5
1885,1,1970,3,4,3.58E+28,Japan,5
1886,1,1970,3,5,3.58E+28,Japan,5
1887,1,1970,3,6,3.58E+28,Japan,5
1888,1,1970,3,7,3.58E+28,Japan,5
1889,1,1970,3,8,3.57E+28,Japan,5
1890,1,1970,3,9,3.57E+28,Japan,5
1891,1,1970,3,10,3.57E+28,Japan,5
1892,1,1970,3,11,3.57E+28,Japan,5
1893,1,1970,3,12,3.56E+28,Japan,5
1894,1,1970,3,13,3.56E+28,Japan,5
1895,1,1970,3,14,3.56E+28,Japan,5
1896,1,1970,3,15,3.60E+28,Japan,5
1897,1,1970,3,16,3.59E+28,Japan,5
1898,1,1970,3,17,3.59E+28,Japan,5
1899,1,1970,3,18,3.59E+28,Japan,5
1900,1,1970,3,19,3.59E+28,Japan,5
1901,1,1970,3,20,3.59E+28,Japan,5
1902,1,1970,3,21,3.59E+28,Japan,5
1903,1,1970,3,22,3.58E+28,Japan,5
1904,1,1970,3,23,3.58E+28,Japan,5
1905,1,1970,3,24,3.58E+28,Japan,5
1906,1,1970,3,25,3.58E+28,Japan,5
1907,1,1970,3,26,3.57E+28,Japan,5
1908,1,1970,3,27,3.57E+28,Japan,5
1909,1,1970,3,28,3.57E+28,Japan,5
1910,1,1970,3,29,3.57E+28,Japan,5
1911,1,1970,3,30,3.53E+28,Japan,5
1912,1,1970,3,31,3.53E+28,Japan,5
1913,1,1970,4,1,3.53E+28,Japan,5
1914,1,1970,4,2,3.52E+28,Japan,5
1915,1,1970,4,3,3.52E+28,Japan,5
1916,1,1970,4,4,3.52E+28,Japan,5
1917,1,1970,4,5,3.51E+28,Japan,5
1918,1,1970,4,6,3.51E+28,Japan,5
1919,1,1970,4,7,3.51E+28,Japan,5
1920,1,1970,4,8,3.51E+28,Japan,5
1921,1,1970,4,9,3.50E+28,Japan,5
1922,1,1970,4,10,3.50E+28,Japan,5
1923,1,1970,4,11,3.50E+28,Japan,5
1924,1,1970,4,12,3.50E+28,Japan,5
1925,1,1970,4,13,3.50E+28,Japan,5
1926,1,1970,4,14,3.54E+28,Japan,5
1927,1,1970,4,15,3.54E+28,Japan,5
1928,1,1970,4,16,3.53E+28,Japan,5
1929,1,1970,4,17,3.53E+28,Japan,5
1930,1,1970,4,18,3.53E+28,Japan,5
1931,1,1970,4,19,3.52E+28,Japan,5
1932,1,1970,4,20,3.52E+28,Japan,5
1933,1,1970,4,21,3.52E+28,Japan,5
1934,1,1970,4,22,3.52E+28,Japan,5
1935,1,1970,4,23,3.52E+28,Japan,5
1936,1,1970,4,24,3.52E+28,Japan,5
1937,1,1970,4,25,3.52E+28,Japan,5
1938,1,1970,4,26,3.52E+28,Japan,5
1939,1,1970,4,27,3.51E+28,Japan,5
1940,1,1970,4,28,3.51E+28,Japan,5
1941,1,1970,4,29,3.47E+28,Japan,5
1942,1,1970,4,30,3.47E+28,Japan,5
1943,1,1970,5,1,3.46E+28,Japan,5
1944,1,1970,5,2,3.46E+28,Japan,5
1945,1,1970,5,3,3.46E+28,Japan,5
1946,1,1970,5,4,3.46E+28,Japan,5
1947,1,1970,5,5,3.46E+28,Japan,5
1948,1,1970,5,6,3.46E+28,Japan,5
1949,1,1970,5,7,3.46E+28,Japan,5
1950,1,1970,5,8,3.46E+28,Japan,5
1951,1,1970,5,9,3.45E+28,Japan,5
1952,1,1970,5,10,3.45E+28,Japan,5
1953,1,1970,5,11,3.45E+28,Japan,5
1954,1,1970,5,12,3.45E+28,Japan,5
1955,1,1970,5,13,3.44E+28,Japan,5
1956,1,1970,5,14,3.48E+28,Japan,5
1957,1,1970,5,15,3.48E+28,Japan,5
1958,1,1970,5,16,3.48E+28,Japan,5
1959,1,1970,5,17,3.48E+28,Japan,5
1960,1,1970,5,18,3.47E+28,Japan,5
1961,1,1970,5,19,3.47E+28,Japan,5
1962,1,1970,5,20,3.47E+28,Japan,5
1963,1,1970,5,21,3.48E+28,Japan,5
1964,1,1970,5,22,3.48E+28,Japan,5
1965,1,1970,5,23,3.47E+28,Japan,5
1966,1,1970,5,24,3.47E+28,Japan,5
1967,1,1970,5,25,3.47E+28,Japan,5
1968,1,1970,5,26,3.47E+28,Japan,5
1969,1,1970,5,27,3.47E+28,Japan,7
1970,1,1970,5,27,3.47E+28,Japan,5
1971,1,1970,5,28,3.46E+28,Japan,5
1972,1,1970,5,29,3.42E+28,Japan,5
1973,1,1970,5,30,3.42E+28,Japan,5
1974,1,1970,5,31,3.64E+28,Japan,5
1975,1,1970,6,1,3.42E+28,Japan,5
1976,1,1970,6,2,3.42E+28,Japan,5
1977,1,1970,6,3,3.42E+28,Japan,5
1978,1,1970,6,4,3.42E+28,Japan,5
1979,1,1970,6,5,3.42E+28,Japan,5
1980,1,1970,7,31,3.42E+28,America,7
1981,1,1971,2,26,3.59E+28,Japan,5
1982,1,1971,8,2,3.42E+28,Japan,7
1983,1,1972,2,29,3.59E+28,Japan,7
1984,1,1972,12,2,3.66E+28,Philipine,7
1985,1,1972,12,4,3.66E+28,Japan,7
1986,1,1972,12,23,3.64E+28,America,6
1987,1,1973,6,17,3.41E+28,Japan,7
1988,1,1973,6,24,3.41E+28,Japan,7
1989,1,1974,5,9,3.46E+28,Japan,6
1990,1,1974,11,30,3.66E+28,Japan,7
1991,1,1975,6,10,3.41E+28,Japan,7
1992,1,1975,6,29,3.44E+28,Japan,7
1993,1,1976,2,4,3.62E+28,America,7
1994,1,1976,8,16,3.47E+28,Philipine,7
1995,1,1978,1,14,3.67E+28,Japan,7
1996,1,1978,3,7,3.61E+28,Japan,7
1997,1,1978,3,23,3.54E+28,Japan,7
1998,1,1978,3,25,3.54E+28,Japan,7
1999,1,1978,6,12,3.45E+28,Japan,7
2000,1,1978,12,6,3.67E+28,Japan,7
2001,1,1980,6,25,3.44E+28,Japan,6
2002,1,1980,6,26,3.44E+28,Japan,6
2003,1,1980,6,27,3.44E+28,Japan,6
2004,1,1980,6,28,3.44E+28,Japan,6
2005,1,1980,6,29,3.44E+28,Japan,6
2006,1,1980,6,30,3.44E+28,Japan,6
2007,1,1980,9,25,3.54E+28,Japan,6
2008,1,1981,1,19,3.67E+28,Japan,7
2009,1,1982,3,21,3.59E+28,Japan,7
2010,1,1982,7,23,3.45E+28,Japan,7
2011,1,1983,5,26,3.43E+28,Japan,7
2012,1,1983,6,21,3.41E+28,Japan,7
2013,1,1983,8,8,3.46E+28,Japan,6
2014,1,1984,1,1,3.69E+28,Japan,7
2015,1,1984,3,6,3.62E+28,Japan,7
2016,1,1984,6,13,3.45E+28,Japan,5
2017,1,1984,8,7,3.46E+28,Japan,7
2018,1,1984,9,14,3.48E+28,Japan,6
2019,1,1986,5,7,3.46E+28,America,7
2020,1,1986,10,10,3.53E+28,America,5
2021,1,1987,3,6,3.58E+28,America,7
2022,1,1987,3,18,3.59E+28,Japan,6
2023,1,1987,5,7,3.46E+28,Japan,7
2024,1,1987,11,30,3.62E+28,America,7
2025,1,1987,12,17,3.67E+28,Japan,6
2026,1,1988,3,6,3.58E+28,America,7
2027,1,1989,6,30,3.40E+28,Japan,5
2028,1,1989,7,1,3.40E+28,Japan,5
2029,1,1989,7,2,3.40E+28,Japan,5
2030,1,1989,7,3,3.45E+28,Japan,5
2031,1,1989,7,4,3.45E+28,Japan,5
2032,1,1989,7,5,3.44E+28,Japan,5
2033,1,1989,7,6,3.44E+28,Japan,5
2034,1,1989,7,7,3.44E+28,Japan,5
2035,1,1989,7,8,3.44E+28,Japan,5
2036,1,1989,7,9,3.44E+28,Japan,5
2037,1,1989,7,10,3.44E+28,Japan,5
2038,1,1989,7,11,3.44E+28,Japan,5
2039,1,1989,7,12,3.44E+28,Japan,5
2040,1,1989,7,13,3.44E+28,Japan,5
2041,1,1989,7,14,3.44E+28,Japan,5
2042,1,1989,7,15,3.44E+28,Japan,5
2043,1,1989,7,16,3.45E+28,Japan,5
2044,1,1989,7,17,3.45E+28,Japan,5
2045,1,1989,7,18,3.41E+28,Japan,5
2046,1,1989,7,19,3.41E+28,Japan,5
2047,1,1989,7,20,3.41E+28,Japan,5
2048,1,1989,7,21,3.41E+28,Japan,5
2049,1,1989,7,22,3.41E+28,Japan,5
2050,1,1989,7,23,3.41E+28,Japan,5
2051,1,1989,7,24,3.41E+28,Japan,5
2052,1,1989,10,17,3.54E+28,America,7
2053,1,1989,11,2,3.61E+28,Japan,7
2054,1,1990,7,16,3.41E+28,Philipine,7
2055,1,1991,4,22,3.48E+28,America,7
2056,1,1992,6,28,3.44E+28,America,7
2057,1,1992,9,2,3.46E+28,America,7
2058,1,1993,1,15,3.67E+28,Japan,7
2059,1,1993,7,12,3.44E+28,Japan,7
2060,1,1993,10,12,3.57E+28,Japan,6
2061,1,1994,1,17,3.67E+28,America,6
2062,1,1994,6,6,3.42E+28,America,6
2063,1,1994,6,8,3.46E+28,America,7
2064,1,1994,7,22,3.41E+28,Japan,7
2065,1,1994,10,4,3.52E+28,Japan,7
2066,1,1994,10,9,3.57E+28,Japan,7
2067,1,1994,11,15,3.64E+28,Philipine,7
2068,1,1994,12,28,3.64E+28,Japan,7
2069,1,1995,1,7,3.68E+28,Japan,7
2070,1,1995,1,17,3.68E+28,Japan,7
2071,1,1995,12,4,3.66E+28,Japan,7
2072,1,1996,6,10,3.45E+28,America,7
2073,1,1997,5,13,3.45E+28,Japan,6
2074,1,1998,4,20,3.53E+28,Japan,5
2075,1,1998,4,21,3.53E+28,Japan,5
2076,1,1998,4,22,3.53E+28,Japan,5
2077,1,1998,4,23,3.52E+28,Japan,5
2078,1,1998,4,24,3.52E+28,Japan,5
2079,1,1998,4,25,3.52E+28,Japan,5
2080,1,1998,4,26,3.52E+28,Japan,5
2081,1,1998,4,27,3.52E+28,Japan,5
2082,1,1998,4,28,3.51E+28,Japan,5
2083,1,1998,4,29,3.51E+28,Japan,5
2084,1,1998,4,30,3.51E+28,Japan,5
2085,1,1998,5,1,3.47E+28,Japan,5
2086,1,1998,5,2,3.47E+28,Japan,5
2087,1,1998,5,3,3.47E+28,Japan,5
2088,1,1998,5,4,3.47E+28,Japan,7
2089,1,1998,8,20,3.47E+28,Japan,7
2090,1,1998,9,3,3.46E+28,Japan,6
2091,1,1999,1,25,3.68E+28,America,6
2092,1,2000,1,28,3.63E+28,Japan,7
2093,1,2000,3,28,3.53E+28,Japan,7
2094,1,2000,6,26,3.40E+28,Japan,6
2095,1,2000,6,27,3.40E+28,Japan,6
2096,1,2000,6,28,3.40E+28,Japan,6
2097,1,2000,6,29,3.40E+28,Japan,6
2098,1,2000,6,30,3.40E+28,Japan,6
2099,1,2000,7,1,3.40E+28,Japan,6
2100,1,2000,7,2,3.40E+28,Japan,6
2101,1,2000,7,3,3.40E+28,Japan,6
2102,1,2000,7,4,3.44E+28,Japan,6
2103,1,2000,7,5,3.44E+28,Japan,6
2104,1,2000,7,6,3.44E+28,Japan,6
2105,1,2000,7,7,3.44E+28,Japan,6
2106,1,2000,7,8,3.44E+28,Japan,6
2107,1,2000,7,9,3.44E+28,Japan,6
2108,1,2000,7,10,3.44E+28,Japan,6
2109,1,2000,7,11,3.44E+28,Japan,6
2110,1,2000,7,12,3.44E+28,Japan,6
2111,1,2000,7,13,3.44E+28,Japan,6
2112,1,2000,7,14,3.44E+28,Japan,6
2113,1,2000,7,15,3.44E+28,Japan,6
2114,1,2000,7,16,3.45E+28,Japan,6
2115,1,2000,7,17,3.45E+28,Japan,6
2116,1,2000,7,18,3.45E+28,Japan,6
2117,1,2000,7,19,3.41E+28,Japan,6
2118,1,2000,7,20,3.41E+28,Japan,6
2119,1,2000,7,21,3.41E+28,Japan,6
2120,1,2000,7,22,3.41E+28,Japan,6
2121,1,2000,7,23,3.41E+28,Japan,6
2122,1,2000,7,24,3.41E+28,Japan,6
2123,1,2000,7,25,3.41E+28,Japan,6
2124,1,2000,7,26,3.41E+28,Japan,6
2125,1,2000,7,27,3.41E+28,Japan,6
2126,1,2000,7,28,3.41E+28,Japan,6
2127,1,2000,7,29,3.42E+28,Japan,6
2128,1,2000,7,30,3.42E+28,Japan,6
2129,1,2000,7,31,3.42E+28,Japan,6
2130,1,2000,8,1,3.42E+28,Japan,6
2131,1,2000,8,2,3.42E+28,Japan,6
2132,1,2000,8,3,3.45E+28,Japan,6
2133,1,2000,8,4,3.45E+28,Japan,6
2134,1,2000,8,5,3.45E+28,Japan,6
2135,1,2000,8,6,3.46E+28,Japan,7
2136,1,2000,8,6,3.46E+28,Japan,6
2137,1,2000,8,7,3.46E+28,Japan,6
2138,1,2000,8,8,3.46E+28,Japan,6
2139,1,2000,8,9,3.46E+28,Japan,6
2140,1,2000,8,10,3.46E+28,Japan,6
2141,1,2000,8,11,3.47E+28,Japan,6
2142,1,2000,8,12,3.47E+28,Japan,6
2143,1,2000,8,13,3.47E+28,Japan,6
2144,1,2000,8,14,3.47E+28,Japan,6
2145,1,2000,8,15,3.47E+28,Japan,6
2146,1,2000,8,16,3.48E+28,Japan,6
2147,1,2000,8,17,3.43E+28,Japan,6
2148,1,2000,8,18,3.43E+28,Japan,6
2149,1,2000,10,6,3.56E+28,Japan,7
2150,1,2001,1,13,3.68E+28,America,7
2151,1,2001,3,24,3.54E+28,Japan,6
2152,1,2001,6,23,3.41E+28,America,7
2153,1,2001,12,18,3.64E+28,Japan,7
2154,1,2002,3,26,3.58E+28,Japan,7
2155,1,2002,11,3,3.62E+28,America,7
2156,1,2003,5,26,3.47E+28,Japan,7
2157,1,2003,7,26,3.45E+28,Japan,6
2158,1,2003,7,27,3.45E+28,Japan,7
2159,1,2003,9,26,3.54E+28,Japan,8
2160,1,2003,11,17,3.64E+28,America,7
2161,1,2004,9,5,3.46E+28,Japan,7
2162,1,2004,9,28,3.50E+28,America,6
2163,1,2004,10,23,3.60E+28,Japan,6
2164,1,2004,11,29,3.62E+28,Japan,7
2165,1,2004,12,14,3.67E+28,Japan,6
2166,1,2005,3,20,3.59E+28,Japan,7
2167,1,2005,8,16,3.47E+28,Japan,7
2168,1,2005,11,15,3.64E+28,Japan,7
2169,1,2007,3,25,3.54E+28,Japan,6
2170,1,2007,7,16,3.40E+28,Japan,6
2171,1,2008,5,8,3.46E+28,Japan,7
2172,1,2008,6,14,3.41E+28,Japan,7
2173,1,2008,7,24,3.45E+28,Japan,6
2174,1,2008,9,11,3.47E+28,Japan,7
2175,1,2009,8,9,3.42E+28,Japan,6
2176,1,2009,8,11,3.42E+28,Japan,6
2177,1,2010,1,12,3.64E+28,America,7
2178,1,2010,2,27,3.59E+28,Japan,7
2179,1,2010,7,23,3.45E+28,Philipine,7
2180,1,2010,11,30,3.62E+28,Japan,7
2181,1,2010,12,22,3.67E+28,Japan,7
2182,1,2011,3,9,3.61E+28,Japan,7
2183,1,2011,3,11,3.61E+28,Japan,7
2184,1,2011,3,11,3.61E+28,Japan,7
2185,1,2011,3,11,3.61E+28,Japan,7
2186,1,2011,3,12,3.61E+28,Japan,6
2187,1,2011,3,15,3.60E+28,Japan,6
2188,1,2011,4,7,3.51E+28,Japan,7
2189,1,2011,4,11,3.54E+28,Japan,7
2190,1,2011,4,12,3.54E+28,Japan,6
2191,1,2011,6,30,3.40E+28,Japan,5
2192,1,2011,7,10,3.44E+28,Japan,7
2193,1,2011,10,3,3.51E+28,Japan,5
2194,1,2011,10,4,3.51E+28,Japan,5
2195,1,2011,10,5,3.56E+28,Japan,5
2196,1,2011,10,6,3.56E+28,Japan,5
2197,1,2011,10,7,3.56E+28,Japan,5
2198,1,2011,10,8,3.57E+28,Japan,5
2199,1,2011,10,9,3.57E+28,Japan,5
2200,1,2011,10,10,3.57E+28,Japan,5
2201,1,2011,10,11,3.57E+28,Japan,5
2202,1,2011,10,12,3.57E+28,Japan,5
2203,1,2011,11,8,3.63E+28,Japan,7
2204,1,2012,1,1,3.64E+28,Japan,7
2205,1,2012,2,6,3.66E+28,Philipine,6
2206,1,2012,3,14,3.60E+28,Japan,6
2207,1,2012,3,14,3.60E+28,Japan,6
2208,1,2012,3,20,3.55E+28,America,7
2209,1,2012,11,7,3.62E+28,America,7
2210,1,2012,12,7,3.67E+28,Japan,7
2211,1,2013,2,2,3.67E+28,Japan,6
2212,1,2013,4,13,3.50E+28,Japan,6
2213,1,2013,4,17,3.49E+28,Japan,6
2214,1,2013,4,18,3.49E+28,Japan,6
2215,1,2013,10,15,3.54E+28,Philipine,7
2216,1,2013,10,26,3.60E+28,Japan,7
2217,1,2014,7,12,3.40E+28,Japan,7
2218,1,2014,11,22,3.65E+28,Japan,6
2219,1,2015,5,30,3.42E+28,Japan,7
2220,1,2015,11,14,3.64E+28,Japan,7
2221,1,2016,4,14,3.54E+28,Japan,6
2222,1,2016,4,15,3.54E+28,Japan,6
2223,1,2016,4,16,3.54E+28,Japan,7
2224,1,2016,10,21,3.55E+28,Japan,6
2225,1,2016,11,22,3.61E+28,Japan,7
2226,1,2016,12,28,3.64E+28,Japan,6
2227,1,2018,6,18,3.41E+28,Japan,6
2228,1,2018,8,19,3.44E+28,Philipine,7
2229,1,2018,9,6,3.50E+28,Japan,6
